"TIME","GEO","NACE_R2","WSTATUS","WORKTIME","AGE","SEX","UNIT","Value","Flag and Footnotes"
"2011","European Union - 27 countries (from 2020)","Total - all NACE activities","Employed persons","Total","From 15 to 64 years","Total","Hour","37.7",""
"2011","European Union - 28 countries (2013-2020)","Total - all NACE activities","Employed persons","Total","From 15 to 64 years","Total","Hour","37.6",""
"2011","European Union - 15 countries (1995-2004)","Total - all NACE activities","Employed persons","Total","From 15 to 64 years","Total","Hour","36.9",""
"2011","Euro area - 19 countries  (from 2015)","Total - all NACE activities","Employed persons","Total","From 15 to 64 years","Total","Hour","37.1",""
"2011","Belgium","Total - all NACE activities","Employed persons","Total","From 15 to 64 years","Total","Hour","36.9","b"
"2011","Bulgaria","Total - all NACE activities","Employed persons","Total","From 15 to 64 years","Total","Hour","40.9","b"
"2011","Czechia","Total - all NACE activities","Employed persons","Total","From 15 to 64 years","Total","Hour","41.3","b"
"2011","Denmark","Total - all NACE activities","Employed persons","Total","From 15 to 64 years","Total","Hour","34.1",""
"2011","Germany (until 1990 former territory of the FRG)","Total - all NACE activities","Employed persons","Total","From 15 to 64 years","Total","Hour","35.8","b"
"2011","Estonia","Total - all NACE activities","Employed persons","Total","From 15 to 64 years","Total","Hour","39.0",""
"2011","Ireland","Total - all NACE activities","Employed persons","Total","From 15 to 64 years","Total","Hour","35.0",""
"2011","Greece","Total - all NACE activities","Employed persons","Total","From 15 to 64 years","Total","Hour","42.1",""
"2011","Spain","Total - all NACE activities","Employed persons","Total","From 15 to 64 years","Total","Hour","38.5",""
"2011","France","Total - all NACE activities","Employed persons","Total","From 15 to 64 years","Total","Hour","38.0",""
"2011","Croatia","Total - all NACE activities","Employed persons","Total","From 15 to 64 years","Total","Hour","40.2",""
"2011","Italy","Total - all NACE activities","Employed persons","Total","From 15 to 64 years","Total","Hour","37.5",""
"2011","Cyprus","Total - all NACE activities","Employed persons","Total","From 15 to 64 years","Total","Hour","40.0",""
"2011","Latvia","Total - all NACE activities","Employed persons","Total","From 15 to 64 years","Total","Hour","38.9",""
"2011","Lithuania","Total - all NACE activities","Employed persons","Total","From 15 to 64 years","Total","Hour","38.2",""
"2011","Luxembourg","Total - all NACE activities","Employed persons","Total","From 15 to 64 years","Total","Hour","37.1",""
"2011","Hungary","Total - all NACE activities","Employed persons","Total","From 15 to 64 years","Total","Hour","39.5",""
"2011","Malta","Total - all NACE activities","Employed persons","Total","From 15 to 64 years","Total","Hour","38.9",""
"2011","Netherlands","Total - all NACE activities","Employed persons","Total","From 15 to 64 years","Total","Hour","30.8",""
"2011","Austria","Total - all NACE activities","Employed persons","Total","From 15 to 64 years","Total","Hour","37.9",""
"2011","Poland","Total - all NACE activities","Employed persons","Total","From 15 to 64 years","Total","Hour","40.7",""
"2011","Portugal","Total - all NACE activities","Employed persons","Total","From 15 to 64 years","Total","Hour","39.9","b"
"2011","Romania","Total - all NACE activities","Employed persons","Total","From 15 to 64 years","Total","Hour","40.4",""
"2011","Slovenia","Total - all NACE activities","Employed persons","Total","From 15 to 64 years","Total","Hour","39.6",""
"2011","Slovakia","Total - all NACE activities","Employed persons","Total","From 15 to 64 years","Total","Hour","40.6","b"
"2011","Finland","Total - all NACE activities","Employed persons","Total","From 15 to 64 years","Total","Hour","37.4",""
"2011","Sweden","Total - all NACE activities","Employed persons","Total","From 15 to 64 years","Total","Hour","36.7",""
"2011","Iceland","Total - all NACE activities","Employed persons","Total","From 15 to 64 years","Total","Hour","39.6",""
"2011","Norway","Total - all NACE activities","Employed persons","Total","From 15 to 64 years","Total","Hour","33.8",""
"2011","Switzerland","Total - all NACE activities","Employed persons","Total","From 15 to 64 years","Total","Hour","35.7",""
"2011","United Kingdom","Total - all NACE activities","Employed persons","Total","From 15 to 64 years","Total","Hour","36.7",""
"2011","Montenegro","Total - all NACE activities","Employed persons","Total","From 15 to 64 years","Total","Hour","42.6",""
"2011","North Macedonia","Total - all NACE activities","Employed persons","Total","From 15 to 64 years","Total","Hour","42.8",""
"2011","Serbia","Total - all NACE activities","Employed persons","Total","From 15 to 64 years","Total","Hour","42.9",""
"2011","Turkey","Total - all NACE activities","Employed persons","Total","From 15 to 64 years","Total","Hour","49.1",""
"2012","European Union - 27 countries (from 2020)","Total - all NACE activities","Employed persons","Total","From 15 to 64 years","Total","Hour","37.6",""
"2012","European Union - 28 countries (2013-2020)","Total - all NACE activities","Employed persons","Total","From 15 to 64 years","Total","Hour","37.5",""
"2012","European Union - 15 countries (1995-2004)","Total - all NACE activities","Employed persons","Total","From 15 to 64 years","Total","Hour","36.8",""
"2012","Euro area - 19 countries  (from 2015)","Total - all NACE activities","Employed persons","Total","From 15 to 64 years","Total","Hour","37.0",""
"2012","Belgium","Total - all NACE activities","Employed persons","Total","From 15 to 64 years","Total","Hour","37.0",""
"2012","Bulgaria","Total - all NACE activities","Employed persons","Total","From 15 to 64 years","Total","Hour","40.8",""
"2012","Czechia","Total - all NACE activities","Employed persons","Total","From 15 to 64 years","Total","Hour","41.1",""
"2012","Denmark","Total - all NACE activities","Employed persons","Total","From 15 to 64 years","Total","Hour","34.0",""
"2012","Germany (until 1990 former territory of the FRG)","Total - all NACE activities","Employed persons","Total","From 15 to 64 years","Total","Hour","35.8","b"
"2012","Estonia","Total - all NACE activities","Employed persons","Total","From 15 to 64 years","Total","Hour","39.1",""
"2012","Ireland","Total - all NACE activities","Employed persons","Total","From 15 to 64 years","Total","Hour","35.1",""
"2012","Greece","Total - all NACE activities","Employed persons","Total","From 15 to 64 years","Total","Hour","42.0",""
"2012","Spain","Total - all NACE activities","Employed persons","Total","From 15 to 64 years","Total","Hour","38.2",""
"2012","France","Total - all NACE activities","Employed persons","Total","From 15 to 64 years","Total","Hour","37.9",""
"2012","Croatia","Total - all NACE activities","Employed persons","Total","From 15 to 64 years","Total","Hour","40.3",""
"2012","Italy","Total - all NACE activities","Employed persons","Total","From 15 to 64 years","Total","Hour","37.1",""
"2012","Cyprus","Total - all NACE activities","Employed persons","Total","From 15 to 64 years","Total","Hour","40.0",""
"2012","Latvia","Total - all NACE activities","Employed persons","Total","From 15 to 64 years","Total","Hour","38.8",""
"2012","Lithuania","Total - all NACE activities","Employed persons","Total","From 15 to 64 years","Total","Hour","38.2",""
"2012","Luxembourg","Total - all NACE activities","Employed persons","Total","From 15 to 64 years","Total","Hour","37.3",""
"2012","Hungary","Total - all NACE activities","Employed persons","Total","From 15 to 64 years","Total","Hour","39.5",""
"2012","Malta","Total - all NACE activities","Employed persons","Total","From 15 to 64 years","Total","Hour","38.9",""
"2012","Netherlands","Total - all NACE activities","Employed persons","Total","From 15 to 64 years","Total","Hour","30.6",""
"2012","Austria","Total - all NACE activities","Employed persons","Total","From 15 to 64 years","Total","Hour","37.7",""
"2012","Poland","Total - all NACE activities","Employed persons","Total","From 15 to 64 years","Total","Hour","40.9",""
"2012","Portugal","Total - all NACE activities","Employed persons","Total","From 15 to 64 years","Total","Hour","39.9",""
"2012","Romania","Total - all NACE activities","Employed persons","Total","From 15 to 64 years","Total","Hour","40.4",""
"2012","Slovenia","Total - all NACE activities","Employed persons","Total","From 15 to 64 years","Total","Hour","39.9",""
"2012","Slovakia","Total - all NACE activities","Employed persons","Total","From 15 to 64 years","Total","Hour","40.8",""
"2012","Finland","Total - all NACE activities","Employed persons","Total","From 15 to 64 years","Total","Hour","37.3",""
"2012","Sweden","Total - all NACE activities","Employed persons","Total","From 15 to 64 years","Total","Hour","36.8",""
"2012","Iceland","Total - all NACE activities","Employed persons","Total","From 15 to 64 years","Total","Hour","39.5",""
"2012","Norway","Total - all NACE activities","Employed persons","Total","From 15 to 64 years","Total","Hour","33.9",""
"2012","Switzerland","Total - all NACE activities","Employed persons","Total","From 15 to 64 years","Total","Hour","35.6",""
"2012","United Kingdom","Total - all NACE activities","Employed persons","Total","From 15 to 64 years","Total","Hour","36.7",""
"2012","Montenegro","Total - all NACE activities","Employed persons","Total","From 15 to 64 years","Total","Hour","43.3",""
"2012","North Macedonia","Total - all NACE activities","Employed persons","Total","From 15 to 64 years","Total","Hour","42.2",""
"2012","Serbia","Total - all NACE activities","Employed persons","Total","From 15 to 64 years","Total","Hour","43.6",""
"2012","Turkey","Total - all NACE activities","Employed persons","Total","From 15 to 64 years","Total","Hour","48.6",""
"2013","European Union - 27 countries (from 2020)","Total - all NACE activities","Employed persons","Total","From 15 to 64 years","Total","Hour","37.5",""
"2013","European Union - 28 countries (2013-2020)","Total - all NACE activities","Employed persons","Total","From 15 to 64 years","Total","Hour","37.4",""
"2013","European Union - 15 countries (1995-2004)","Total - all NACE activities","Employed persons","Total","From 15 to 64 years","Total","Hour","36.6",""
"2013","Euro area - 19 countries  (from 2015)","Total - all NACE activities","Employed persons","Total","From 15 to 64 years","Total","Hour","36.8",""
"2013","Belgium","Total - all NACE activities","Employed persons","Total","From 15 to 64 years","Total","Hour","37.3",""
"2013","Bulgaria","Total - all NACE activities","Employed persons","Total","From 15 to 64 years","Total","Hour","40.7",""
"2013","Czechia","Total - all NACE activities","Employed persons","Total","From 15 to 64 years","Total","Hour","40.7",""
"2013","Denmark","Total - all NACE activities","Employed persons","Total","From 15 to 64 years","Total","Hour","34.0",""
"2013","Germany (until 1990 former territory of the FRG)","Total - all NACE activities","Employed persons","Total","From 15 to 64 years","Total","Hour","35.6",""
"2013","Estonia","Total - all NACE activities","Employed persons","Total","From 15 to 64 years","Total","Hour","39.1",""
"2013","Ireland","Total - all NACE activities","Employed persons","Total","From 15 to 64 years","Total","Hour","35.4",""
"2013","Greece","Total - all NACE activities","Employed persons","Total","From 15 to 64 years","Total","Hour","42.1",""
"2013","Spain","Total - all NACE activities","Employed persons","Total","From 15 to 64 years","Total","Hour","38.0",""
"2013","France","Total - all NACE activities","Employed persons","Total","From 15 to 64 years","Total","Hour","37.6",""
"2013","Croatia","Total - all NACE activities","Employed persons","Total","From 15 to 64 years","Total","Hour","40.0",""
"2013","Italy","Total - all NACE activities","Employed persons","Total","From 15 to 64 years","Total","Hour","37.0",""
"2013","Cyprus","Total - all NACE activities","Employed persons","Total","From 15 to 64 years","Total","Hour","40.0",""
"2013","Latvia","Total - all NACE activities","Employed persons","Total","From 15 to 64 years","Total","Hour","39.0",""
"2013","Lithuania","Total - all NACE activities","Employed persons","Total","From 15 to 64 years","Total","Hour","38.3",""
"2013","Luxembourg","Total - all NACE activities","Employed persons","Total","From 15 to 64 years","Total","Hour","37.3",""
"2013","Hungary","Total - all NACE activities","Employed persons","Total","From 15 to 64 years","Total","Hour","39.6",""
"2013","Malta","Total - all NACE activities","Employed persons","Total","From 15 to 64 years","Total","Hour","38.6",""
"2013","Netherlands","Total - all NACE activities","Employed persons","Total","From 15 to 64 years","Total","Hour","30.3",""
"2013","Austria","Total - all NACE activities","Employed persons","Total","From 15 to 64 years","Total","Hour","37.3",""
"2013","Poland","Total - all NACE activities","Employed persons","Total","From 15 to 64 years","Total","Hour","40.9",""
"2013","Portugal","Total - all NACE activities","Employed persons","Total","From 15 to 64 years","Total","Hour","40.1",""
"2013","Romania","Total - all NACE activities","Employed persons","Total","From 15 to 64 years","Total","Hour","40.2",""
"2013","Slovenia","Total - all NACE activities","Employed persons","Total","From 15 to 64 years","Total","Hour","39.7",""
"2013","Slovakia","Total - all NACE activities","Employed persons","Total","From 15 to 64 years","Total","Hour","40.8",""
"2013","Finland","Total - all NACE activities","Employed persons","Total","From 15 to 64 years","Total","Hour","37.2",""
"2013","Sweden","Total - all NACE activities","Employed persons","Total","From 15 to 64 years","Total","Hour","36.8",""
"2013","Iceland","Total - all NACE activities","Employed persons","Total","From 15 to 64 years","Total","Hour","39.6",""
"2013","Norway","Total - all NACE activities","Employed persons","Total","From 15 to 64 years","Total","Hour","33.9",""
"2013","Switzerland","Total - all NACE activities","Employed persons","Total","From 15 to 64 years","Total","Hour","35.5",""
"2013","United Kingdom","Total - all NACE activities","Employed persons","Total","From 15 to 64 years","Total","Hour","36.8",""
"2013","Montenegro","Total - all NACE activities","Employed persons","Total","From 15 to 64 years","Total","Hour","43.8",""
"2013","North Macedonia","Total - all NACE activities","Employed persons","Total","From 15 to 64 years","Total","Hour","42.3",""
"2013","Serbia","Total - all NACE activities","Employed persons","Total","From 15 to 64 years","Total","Hour","43.0",""
"2013","Turkey","Total - all NACE activities","Employed persons","Total","From 15 to 64 years","Total","Hour","48.1",""
"2014","European Union - 27 countries (from 2020)","Total - all NACE activities","Employed persons","Total","From 15 to 64 years","Total","Hour","37.4",""
"2014","European Union - 28 countries (2013-2020)","Total - all NACE activities","Employed persons","Total","From 15 to 64 years","Total","Hour","37.4",""
"2014","European Union - 15 countries (1995-2004)","Total - all NACE activities","Employed persons","Total","From 15 to 64 years","Total","Hour","36.6",""
"2014","Euro area - 19 countries  (from 2015)","Total - all NACE activities","Employed persons","Total","From 15 to 64 years","Total","Hour","36.7",""
"2014","Belgium","Total - all NACE activities","Employed persons","Total","From 15 to 64 years","Total","Hour","37.2",""
"2014","Bulgaria","Total - all NACE activities","Employed persons","Total","From 15 to 64 years","Total","Hour","40.8",""
"2014","Czechia","Total - all NACE activities","Employed persons","Total","From 15 to 64 years","Total","Hour","40.7",""
"2014","Denmark","Total - all NACE activities","Employed persons","Total","From 15 to 64 years","Total","Hour","33.8",""
"2014","Germany (until 1990 former territory of the FRG)","Total - all NACE activities","Employed persons","Total","From 15 to 64 years","Total","Hour","35.6",""
"2014","Estonia","Total - all NACE activities","Employed persons","Total","From 15 to 64 years","Total","Hour","39.1",""
"2014","Ireland","Total - all NACE activities","Employed persons","Total","From 15 to 64 years","Total","Hour","35.7",""
"2014","Greece","Total - all NACE activities","Employed persons","Total","From 15 to 64 years","Total","Hour","42.0",""
"2014","Spain","Total - all NACE activities","Employed persons","Total","From 15 to 64 years","Total","Hour","37.9",""
"2014","France","Total - all NACE activities","Employed persons","Total","From 15 to 64 years","Total","Hour","37.3","b"
"2014","Croatia","Total - all NACE activities","Employed persons","Total","From 15 to 64 years","Total","Hour","40.1",""
"2014","Italy","Total - all NACE activities","Employed persons","Total","From 15 to 64 years","Total","Hour","37.0",""
"2014","Cyprus","Total - all NACE activities","Employed persons","Total","From 15 to 64 years","Total","Hour","39.5",""
"2014","Latvia","Total - all NACE activities","Employed persons","Total","From 15 to 64 years","Total","Hour","39.2",""
"2014","Lithuania","Total - all NACE activities","Employed persons","Total","From 15 to 64 years","Total","Hour","38.2",""
"2014","Luxembourg","Total - all NACE activities","Employed persons","Total","From 15 to 64 years","Total","Hour","37.5",""
"2014","Hungary","Total - all NACE activities","Employed persons","Total","From 15 to 64 years","Total","Hour","39.8",""
"2014","Malta","Total - all NACE activities","Employed persons","Total","From 15 to 64 years","Total","Hour","38.3",""
"2014","Netherlands","Total - all NACE activities","Employed persons","Total","From 15 to 64 years","Total","Hour","30.5",""
"2014","Austria","Total - all NACE activities","Employed persons","Total","From 15 to 64 years","Total","Hour","37.0",""
"2014","Poland","Total - all NACE activities","Employed persons","Total","From 15 to 64 years","Total","Hour","40.9",""
"2014","Portugal","Total - all NACE activities","Employed persons","Total","From 15 to 64 years","Total","Hour","40.4",""
"2014","Romania","Total - all NACE activities","Employed persons","Total","From 15 to 64 years","Total","Hour","40.2",""
"2014","Slovenia","Total - all NACE activities","Employed persons","Total","From 15 to 64 years","Total","Hour","39.5",""
"2014","Slovakia","Total - all NACE activities","Employed persons","Total","From 15 to 64 years","Total","Hour","40.5",""
"2014","Finland","Total - all NACE activities","Employed persons","Total","From 15 to 64 years","Total","Hour","37.2",""
"2014","Sweden","Total - all NACE activities","Employed persons","Total","From 15 to 64 years","Total","Hour","36.8",""
"2014","Iceland","Total - all NACE activities","Employed persons","Total","From 15 to 64 years","Total","Hour","39.8",""
"2014","Norway","Total - all NACE activities","Employed persons","Total","From 15 to 64 years","Total","Hour","34.1",""
"2014","Switzerland","Total - all NACE activities","Employed persons","Total","From 15 to 64 years","Total","Hour","35.3",""
"2014","United Kingdom","Total - all NACE activities","Employed persons","Total","From 15 to 64 years","Total","Hour","37.0",""
"2014","Montenegro","Total - all NACE activities","Employed persons","Total","From 15 to 64 years","Total","Hour","43.3",""
"2014","North Macedonia","Total - all NACE activities","Employed persons","Total","From 15 to 64 years","Total","Hour","42.0",""
"2014","Serbia","Total - all NACE activities","Employed persons","Total","From 15 to 64 years","Total","Hour","43.0","b"
"2014","Turkey","Total - all NACE activities","Employed persons","Total","From 15 to 64 years","Total","Hour","47.9","b"
"2015","European Union - 27 countries (from 2020)","Total - all NACE activities","Employed persons","Total","From 15 to 64 years","Total","Hour","37.4",""
"2015","European Union - 28 countries (2013-2020)","Total - all NACE activities","Employed persons","Total","From 15 to 64 years","Total","Hour","37.4",""
"2015","European Union - 15 countries (1995-2004)","Total - all NACE activities","Employed persons","Total","From 15 to 64 years","Total","Hour","36.6",""
"2015","Euro area - 19 countries  (from 2015)","Total - all NACE activities","Employed persons","Total","From 15 to 64 years","Total","Hour","36.7",""
"2015","Belgium","Total - all NACE activities","Employed persons","Total","From 15 to 64 years","Total","Hour","37.1",""
"2015","Bulgaria","Total - all NACE activities","Employed persons","Total","From 15 to 64 years","Total","Hour","40.9",""
"2015","Czechia","Total - all NACE activities","Employed persons","Total","From 15 to 64 years","Total","Hour","40.7",""
"2015","Denmark","Total - all NACE activities","Employed persons","Total","From 15 to 64 years","Total","Hour","33.9",""
"2015","Germany (until 1990 former territory of the FRG)","Total - all NACE activities","Employed persons","Total","From 15 to 64 years","Total","Hour","35.5",""
"2015","Estonia","Total - all NACE activities","Employed persons","Total","From 15 to 64 years","Total","Hour","39.0",""
"2015","Ireland","Total - all NACE activities","Employed persons","Total","From 15 to 64 years","Total","Hour","35.9",""
"2015","Greece","Total - all NACE activities","Employed persons","Total","From 15 to 64 years","Total","Hour","42.2",""
"2015","Spain","Total - all NACE activities","Employed persons","Total","From 15 to 64 years","Total","Hour","37.8",""
"2015","France","Total - all NACE activities","Employed persons","Total","From 15 to 64 years","Total","Hour","37.3",""
"2015","Croatia","Total - all NACE activities","Employed persons","Total","From 15 to 64 years","Total","Hour","39.7",""
"2015","Italy","Total - all NACE activities","Employed persons","Total","From 15 to 64 years","Total","Hour","37.1",""
"2015","Cyprus","Total - all NACE activities","Employed persons","Total","From 15 to 64 years","Total","Hour","39.6",""
"2015","Latvia","Total - all NACE activities","Employed persons","Total","From 15 to 64 years","Total","Hour","39.2",""
"2015","Lithuania","Total - all NACE activities","Employed persons","Total","From 15 to 64 years","Total","Hour","38.5",""
"2015","Luxembourg","Total - all NACE activities","Employed persons","Total","From 15 to 64 years","Total","Hour","37.5","b"
"2015","Hungary","Total - all NACE activities","Employed persons","Total","From 15 to 64 years","Total","Hour","39.9",""
"2015","Malta","Total - all NACE activities","Employed persons","Total","From 15 to 64 years","Total","Hour","38.7",""
"2015","Netherlands","Total - all NACE activities","Employed persons","Total","From 15 to 64 years","Total","Hour","30.4",""
"2015","Austria","Total - all NACE activities","Employed persons","Total","From 15 to 64 years","Total","Hour","36.9",""
"2015","Poland","Total - all NACE activities","Employed persons","Total","From 15 to 64 years","Total","Hour","40.9",""
"2015","Portugal","Total - all NACE activities","Employed persons","Total","From 15 to 64 years","Total","Hour","40.1",""
"2015","Romania","Total - all NACE activities","Employed persons","Total","From 15 to 64 years","Total","Hour","40.0",""
"2015","Slovenia","Total - all NACE activities","Employed persons","Total","From 15 to 64 years","Total","Hour","39.4",""
"2015","Slovakia","Total - all NACE activities","Employed persons","Total","From 15 to 64 years","Total","Hour","40.3",""
"2015","Finland","Total - all NACE activities","Employed persons","Total","From 15 to 64 years","Total","Hour","37.2",""
"2015","Sweden","Total - all NACE activities","Employed persons","Total","From 15 to 64 years","Total","Hour","36.8",""
"2015","Iceland","Total - all NACE activities","Employed persons","Total","From 15 to 64 years","Total","Hour","39.8",""
"2015","Norway","Total - all NACE activities","Employed persons","Total","From 15 to 64 years","Total","Hour","33.9",""
"2015","Switzerland","Total - all NACE activities","Employed persons","Total","From 15 to 64 years","Total","Hour","35.4",""
"2015","United Kingdom","Total - all NACE activities","Employed persons","Total","From 15 to 64 years","Total","Hour","37.1",""
"2015","Montenegro","Total - all NACE activities","Employed persons","Total","From 15 to 64 years","Total","Hour","43.7",""
"2015","North Macedonia","Total - all NACE activities","Employed persons","Total","From 15 to 64 years","Total","Hour","41.9",""
"2015","Serbia","Total - all NACE activities","Employed persons","Total","From 15 to 64 years","Total","Hour","43.6",""
"2015","Turkey","Total - all NACE activities","Employed persons","Total","From 15 to 64 years","Total","Hour","47.6",""
"2016","European Union - 27 countries (from 2020)","Total - all NACE activities","Employed persons","Total","From 15 to 64 years","Total","Hour","37.4",""
"2016","European Union - 28 countries (2013-2020)","Total - all NACE activities","Employed persons","Total","From 15 to 64 years","Total","Hour","37.3",""
"2016","European Union - 15 countries (1995-2004)","Total - all NACE activities","Employed persons","Total","From 15 to 64 years","Total","Hour","36.6",""
"2016","Euro area - 19 countries  (from 2015)","Total - all NACE activities","Employed persons","Total","From 15 to 64 years","Total","Hour","36.7",""
"2016","Belgium","Total - all NACE activities","Employed persons","Total","From 15 to 64 years","Total","Hour","37.1",""
"2016","Bulgaria","Total - all NACE activities","Employed persons","Total","From 15 to 64 years","Total","Hour","40.8",""
"2016","Czechia","Total - all NACE activities","Employed persons","Total","From 15 to 64 years","Total","Hour","40.6",""
"2016","Denmark","Total - all NACE activities","Employed persons","Total","From 15 to 64 years","Total","Hour","33.7","b"
"2016","Germany (until 1990 former territory of the FRG)","Total - all NACE activities","Employed persons","Total","From 15 to 64 years","Total","Hour","35.5",""
"2016","Estonia","Total - all NACE activities","Employed persons","Total","From 15 to 64 years","Total","Hour","38.8",""
"2016","Ireland","Total - all NACE activities","Employed persons","Total","From 15 to 64 years","Total","Hour","35.9",""
"2016","Greece","Total - all NACE activities","Employed persons","Total","From 15 to 64 years","Total","Hour","42.2",""
"2016","Spain","Total - all NACE activities","Employed persons","Total","From 15 to 64 years","Total","Hour","37.8",""
"2016","France","Total - all NACE activities","Employed persons","Total","From 15 to 64 years","Total","Hour","37.4",""
"2016","Croatia","Total - all NACE activities","Employed persons","Total","From 15 to 64 years","Total","Hour","39.6",""
"2016","Italy","Total - all NACE activities","Employed persons","Total","From 15 to 64 years","Total","Hour","37.0",""
"2016","Cyprus","Total - all NACE activities","Employed persons","Total","From 15 to 64 years","Total","Hour","39.3",""
"2016","Latvia","Total - all NACE activities","Employed persons","Total","From 15 to 64 years","Total","Hour","38.9",""
"2016","Lithuania","Total - all NACE activities","Employed persons","Total","From 15 to 64 years","Total","Hour","38.6",""
"2016","Luxembourg","Total - all NACE activities","Employed persons","Total","From 15 to 64 years","Total","Hour","37.5",""
"2016","Hungary","Total - all NACE activities","Employed persons","Total","From 15 to 64 years","Total","Hour","39.8",""
"2016","Malta","Total - all NACE activities","Employed persons","Total","From 15 to 64 years","Total","Hour","38.8",""
"2016","Netherlands","Total - all NACE activities","Employed persons","Total","From 15 to 64 years","Total","Hour","30.6",""
"2016","Austria","Total - all NACE activities","Employed persons","Total","From 15 to 64 years","Total","Hour","36.8",""
"2016","Poland","Total - all NACE activities","Employed persons","Total","From 15 to 64 years","Total","Hour","40.8",""
"2016","Portugal","Total - all NACE activities","Employed persons","Total","From 15 to 64 years","Total","Hour","39.9",""
"2016","Romania","Total - all NACE activities","Employed persons","Total","From 15 to 64 years","Total","Hour","40.0",""
"2016","Slovenia","Total - all NACE activities","Employed persons","Total","From 15 to 64 years","Total","Hour","39.5",""
"2016","Slovakia","Total - all NACE activities","Employed persons","Total","From 15 to 64 years","Total","Hour","40.1",""
"2016","Finland","Total - all NACE activities","Employed persons","Total","From 15 to 64 years","Total","Hour","37.0",""
"2016","Sweden","Total - all NACE activities","Employed persons","Total","From 15 to 64 years","Total","Hour","36.9",""
"2016","Iceland","Total - all NACE activities","Employed persons","Total","From 15 to 64 years","Total","Hour","39.5",""
"2016","Norway","Total - all NACE activities","Employed persons","Total","From 15 to 64 years","Total","Hour","34.0",""
"2016","Switzerland","Total - all NACE activities","Employed persons","Total","From 15 to 64 years","Total","Hour","35.3",""
"2016","United Kingdom","Total - all NACE activities","Employed persons","Total","From 15 to 64 years","Total","Hour","37.0",""
"2016","Montenegro","Total - all NACE activities","Employed persons","Total","From 15 to 64 years","Total","Hour","43.4",""
"2016","North Macedonia","Total - all NACE activities","Employed persons","Total","From 15 to 64 years","Total","Hour","41.7",""
"2016","Serbia","Total - all NACE activities","Employed persons","Total","From 15 to 64 years","Total","Hour","43.4",""
"2016","Turkey","Total - all NACE activities","Employed persons","Total","From 15 to 64 years","Total","Hour","47.0",""
"2017","European Union - 27 countries (from 2020)","Total - all NACE activities","Employed persons","Total","From 15 to 64 years","Total","Hour","37.4",""
"2017","European Union - 28 countries (2013-2020)","Total - all NACE activities","Employed persons","Total","From 15 to 64 years","Total","Hour","37.3",""
"2017","European Union - 15 countries (1995-2004)","Total - all NACE activities","Employed persons","Total","From 15 to 64 years","Total","Hour","36.6",""
"2017","Euro area - 19 countries  (from 2015)","Total - all NACE activities","Employed persons","Total","From 15 to 64 years","Total","Hour","36.7",""
"2017","Belgium","Total - all NACE activities","Employed persons","Total","From 15 to 64 years","Total","Hour","37.6","b"
"2017","Bulgaria","Total - all NACE activities","Employed persons","Total","From 15 to 64 years","Total","Hour","40.8",""
"2017","Czechia","Total - all NACE activities","Employed persons","Total","From 15 to 64 years","Total","Hour","40.4",""
"2017","Denmark","Total - all NACE activities","Employed persons","Total","From 15 to 64 years","Total","Hour","33.7","b"
"2017","Germany (until 1990 former territory of the FRG)","Total - all NACE activities","Employed persons","Total","From 15 to 64 years","Total","Hour","35.4",""
"2017","Estonia","Total - all NACE activities","Employed persons","Total","From 15 to 64 years","Total","Hour","38.8",""
"2017","Ireland","Total - all NACE activities","Employed persons","Total","From 15 to 64 years","Total","Hour","36.3","b"
"2017","Greece","Total - all NACE activities","Employed persons","Total","From 15 to 64 years","Total","Hour","42.0",""
"2017","Spain","Total - all NACE activities","Employed persons","Total","From 15 to 64 years","Total","Hour","37.7",""
"2017","France","Total - all NACE activities","Employed persons","Total","From 15 to 64 years","Total","Hour","37.3",""
"2017","Croatia","Total - all NACE activities","Employed persons","Total","From 15 to 64 years","Total","Hour","39.8",""
"2017","Italy","Total - all NACE activities","Employed persons","Total","From 15 to 64 years","Total","Hour","37.2",""
"2017","Cyprus","Total - all NACE activities","Employed persons","Total","From 15 to 64 years","Total","Hour","39.4",""
"2017","Latvia","Total - all NACE activities","Employed persons","Total","From 15 to 64 years","Total","Hour","39.0",""
"2017","Lithuania","Total - all NACE activities","Employed persons","Total","From 15 to 64 years","Total","Hour","38.7",""
"2017","Luxembourg","Total - all NACE activities","Employed persons","Total","From 15 to 64 years","Total","Hour","37.4",""
"2017","Hungary","Total - all NACE activities","Employed persons","Total","From 15 to 64 years","Total","Hour","39.9",""
"2017","Malta","Total - all NACE activities","Employed persons","Total","From 15 to 64 years","Total","Hour","39.0",""
"2017","Netherlands","Total - all NACE activities","Employed persons","Total","From 15 to 64 years","Total","Hour","30.6",""
"2017","Austria","Total - all NACE activities","Employed persons","Total","From 15 to 64 years","Total","Hour","36.7",""
"2017","Poland","Total - all NACE activities","Employed persons","Total","From 15 to 64 years","Total","Hour","40.6",""
"2017","Portugal","Total - all NACE activities","Employed persons","Total","From 15 to 64 years","Total","Hour","40.0",""
"2017","Romania","Total - all NACE activities","Employed persons","Total","From 15 to 64 years","Total","Hour","39.9",""
"2017","Slovenia","Total - all NACE activities","Employed persons","Total","From 15 to 64 years","Total","Hour","39.3",""
"2017","Slovakia","Total - all NACE activities","Employed persons","Total","From 15 to 64 years","Total","Hour","39.9",""
"2017","Finland","Total - all NACE activities","Employed persons","Total","From 15 to 64 years","Total","Hour","37.1",""
"2017","Sweden","Total - all NACE activities","Employed persons","Total","From 15 to 64 years","Total","Hour","36.8",""
"2017","Iceland","Total - all NACE activities","Employed persons","Total","From 15 to 64 years","Total","Hour","39.3",""
"2017","Norway","Total - all NACE activities","Employed persons","Total","From 15 to 64 years","Total","Hour","34.1",""
"2017","Switzerland","Total - all NACE activities","Employed persons","Total","From 15 to 64 years","Total","Hour","35.3",""
"2017","United Kingdom","Total - all NACE activities","Employed persons","Total","From 15 to 64 years","Total","Hour","37.0",""
"2017","Montenegro","Total - all NACE activities","Employed persons","Total","From 15 to 64 years","Total","Hour","43.3",""
"2017","North Macedonia","Total - all NACE activities","Employed persons","Total","From 15 to 64 years","Total","Hour","42.5",""
"2017","Serbia","Total - all NACE activities","Employed persons","Total","From 15 to 64 years","Total","Hour","43.0",""
"2017","Turkey","Total - all NACE activities","Employed persons","Total","From 15 to 64 years","Total","Hour","46.6",""
"2018","European Union - 27 countries (from 2020)","Total - all NACE activities","Employed persons","Total","From 15 to 64 years","Total","Hour","37.4",""
"2018","European Union - 28 countries (2013-2020)","Total - all NACE activities","Employed persons","Total","From 15 to 64 years","Total","Hour","37.3",""
"2018","European Union - 15 countries (1995-2004)","Total - all NACE activities","Employed persons","Total","From 15 to 64 years","Total","Hour","36.6",""
"2018","Euro area - 19 countries  (from 2015)","Total - all NACE activities","Employed persons","Total","From 15 to 64 years","Total","Hour","36.7",""
"2018","Belgium","Total - all NACE activities","Employed persons","Total","From 15 to 64 years","Total","Hour","37.3",""
"2018","Bulgaria","Total - all NACE activities","Employed persons","Total","From 15 to 64 years","Total","Hour","40.7",""
"2018","Czechia","Total - all NACE activities","Employed persons","Total","From 15 to 64 years","Total","Hour","40.4",""
"2018","Denmark","Total - all NACE activities","Employed persons","Total","From 15 to 64 years","Total","Hour","33.7",""
"2018","Germany (until 1990 former territory of the FRG)","Total - all NACE activities","Employed persons","Total","From 15 to 64 years","Total","Hour","35.4",""
"2018","Estonia","Total - all NACE activities","Employed persons","Total","From 15 to 64 years","Total","Hour","38.6",""
"2018","Ireland","Total - all NACE activities","Employed persons","Total","From 15 to 64 years","Total","Hour","36.5",""
"2018","Greece","Total - all NACE activities","Employed persons","Total","From 15 to 64 years","Total","Hour","42.0",""
"2018","Spain","Total - all NACE activities","Employed persons","Total","From 15 to 64 years","Total","Hour","37.7",""
"2018","France","Total - all NACE activities","Employed persons","Total","From 15 to 64 years","Total","Hour","37.4",""
"2018","Croatia","Total - all NACE activities","Employed persons","Total","From 15 to 64 years","Total","Hour","39.7",""
"2018","Italy","Total - all NACE activities","Employed persons","Total","From 15 to 64 years","Total","Hour","37.3",""
"2018","Cyprus","Total - all NACE activities","Employed persons","Total","From 15 to 64 years","Total","Hour","39.4",""
"2018","Latvia","Total - all NACE activities","Employed persons","Total","From 15 to 64 years","Total","Hour","39.0",""
"2018","Lithuania","Total - all NACE activities","Employed persons","Total","From 15 to 64 years","Total","Hour","38.9",""
"2018","Luxembourg","Total - all NACE activities","Employed persons","Total","From 15 to 64 years","Total","Hour","37.7",""
"2018","Hungary","Total - all NACE activities","Employed persons","Total","From 15 to 64 years","Total","Hour","39.7",""
"2018","Malta","Total - all NACE activities","Employed persons","Total","From 15 to 64 years","Total","Hour","39.1",""
"2018","Netherlands","Total - all NACE activities","Employed persons","Total","From 15 to 64 years","Total","Hour","30.7",""
"2018","Austria","Total - all NACE activities","Employed persons","Total","From 15 to 64 years","Total","Hour","36.7",""
"2018","Poland","Total - all NACE activities","Employed persons","Total","From 15 to 64 years","Total","Hour","40.6",""
"2018","Portugal","Total - all NACE activities","Employed persons","Total","From 15 to 64 years","Total","Hour","40.0",""
"2018","Romania","Total - all NACE activities","Employed persons","Total","From 15 to 64 years","Total","Hour","39.8",""
"2018","Slovenia","Total - all NACE activities","Employed persons","Total","From 15 to 64 years","Total","Hour","39.4",""
"2018","Slovakia","Total - all NACE activities","Employed persons","Total","From 15 to 64 years","Total","Hour","40.1",""
"2018","Finland","Total - all NACE activities","Employed persons","Total","From 15 to 64 years","Total","Hour","37.2",""
"2018","Sweden","Total - all NACE activities","Employed persons","Total","From 15 to 64 years","Total","Hour","36.9","b"
"2018","Iceland","Total - all NACE activities","Employed persons","Total","From 15 to 64 years","Total","Hour","39.4",""
"2018","Norway","Total - all NACE activities","Employed persons","Total","From 15 to 64 years","Total","Hour","34.0",""
"2018","Switzerland","Total - all NACE activities","Employed persons","Total","From 15 to 64 years","Total","Hour","35.3",""
"2018","United Kingdom","Total - all NACE activities","Employed persons","Total","From 15 to 64 years","Total","Hour","36.9",""
"2018","Montenegro","Total - all NACE activities","Employed persons","Total","From 15 to 64 years","Total","Hour","44.2",""
"2018","North Macedonia","Total - all NACE activities","Employed persons","Total","From 15 to 64 years","Total","Hour","42.3",""
"2018","Serbia","Total - all NACE activities","Employed persons","Total","From 15 to 64 years","Total","Hour","43.0",""
"2018","Turkey","Total - all NACE activities","Employed persons","Total","From 15 to 64 years","Total","Hour","45.9",""
"2019","European Union - 27 countries (from 2020)","Total - all NACE activities","Employed persons","Total","From 15 to 64 years","Total","Hour","37.3",""
"2019","European Union - 28 countries (2013-2020)","Total - all NACE activities","Employed persons","Total","From 15 to 64 years","Total","Hour","37.3",""
"2019","European Union - 15 countries (1995-2004)","Total - all NACE activities","Employed persons","Total","From 15 to 64 years","Total","Hour","36.6",""
"2019","Euro area - 19 countries  (from 2015)","Total - all NACE activities","Employed persons","Total","From 15 to 64 years","Total","Hour","36.7",""
"2019","Belgium","Total - all NACE activities","Employed persons","Total","From 15 to 64 years","Total","Hour","37.3",""
"2019","Bulgaria","Total - all NACE activities","Employed persons","Total","From 15 to 64 years","Total","Hour","40.5",""
"2019","Czechia","Total - all NACE activities","Employed persons","Total","From 15 to 64 years","Total","Hour","40.3",""
"2019","Denmark","Total - all NACE activities","Employed persons","Total","From 15 to 64 years","Total","Hour","33.5",""
"2019","Germany (until 1990 former territory of the FRG)","Total - all NACE activities","Employed persons","Total","From 15 to 64 years","Total","Hour","35.3",""
"2019","Estonia","Total - all NACE activities","Employed persons","Total","From 15 to 64 years","Total","Hour","38.4",""
"2019","Ireland","Total - all NACE activities","Employed persons","Total","From 15 to 64 years","Total","Hour","36.5",""
"2019","Greece","Total - all NACE activities","Employed persons","Total","From 15 to 64 years","Total","Hour","41.7",""
"2019","Spain","Total - all NACE activities","Employed persons","Total","From 15 to 64 years","Total","Hour","37.5",""
"2019","France","Total - all NACE activities","Employed persons","Total","From 15 to 64 years","Total","Hour","37.5",""
"2019","Croatia","Total - all NACE activities","Employed persons","Total","From 15 to 64 years","Total","Hour","39.8",""
"2019","Italy","Total - all NACE activities","Employed persons","Total","From 15 to 64 years","Total","Hour","37.2",""
"2019","Cyprus","Total - all NACE activities","Employed persons","Total","From 15 to 64 years","Total","Hour","39.4",""
"2019","Latvia","Total - all NACE activities","Employed persons","Total","From 15 to 64 years","Total","Hour","38.8",""
"2019","Lithuania","Total - all NACE activities","Employed persons","Total","From 15 to 64 years","Total","Hour","39.0",""
"2019","Luxembourg","Total - all NACE activities","Employed persons","Total","From 15 to 64 years","Total","Hour","37.9",""
"2019","Hungary","Total - all NACE activities","Employed persons","Total","From 15 to 64 years","Total","Hour","39.7",""
"2019","Malta","Total - all NACE activities","Employed persons","Total","From 15 to 64 years","Total","Hour","39.8",""
"2019","Netherlands","Total - all NACE activities","Employed persons","Total","From 15 to 64 years","Total","Hour","30.8",""
"2019","Austria","Total - all NACE activities","Employed persons","Total","From 15 to 64 years","Total","Hour","36.7",""
"2019","Poland","Total - all NACE activities","Employed persons","Total","From 15 to 64 years","Total","Hour","40.5",""
"2019","Portugal","Total - all NACE activities","Employed persons","Total","From 15 to 64 years","Total","Hour","39.9",""
"2019","Romania","Total - all NACE activities","Employed persons","Total","From 15 to 64 years","Total","Hour","40.0",""
"2019","Slovenia","Total - all NACE activities","Employed persons","Total","From 15 to 64 years","Total","Hour","39.6",""
"2019","Slovakia","Total - all NACE activities","Employed persons","Total","From 15 to 64 years","Total","Hour","40.2",""
"2019","Finland","Total - all NACE activities","Employed persons","Total","From 15 to 64 years","Total","Hour","37.0",""
"2019","Sweden","Total - all NACE activities","Employed persons","Total","From 15 to 64 years","Total","Hour","36.9",""
"2019","Iceland","Total - all NACE activities","Employed persons","Total","From 15 to 64 years","Total","Hour","39.3",""
"2019","Norway","Total - all NACE activities","Employed persons","Total","From 15 to 64 years","Total","Hour","33.9",""
"2019","Switzerland","Total - all NACE activities","Employed persons","Total","From 15 to 64 years","Total","Hour","35.2",""
"2019","United Kingdom","Total - all NACE activities","Employed persons","Total","From 15 to 64 years","Total","Hour","37.0",""
"2019","Montenegro","Total - all NACE activities","Employed persons","Total","From 15 to 64 years","Total","Hour","44.5",""
"2019","North Macedonia","Total - all NACE activities","Employed persons","Total","From 15 to 64 years","Total","Hour","41.5",""
"2019","Serbia","Total - all NACE activities","Employed persons","Total","From 15 to 64 years","Total","Hour","42.8",""
"2019","Turkey","Total - all NACE activities","Employed persons","Total","From 15 to 64 years","Total","Hour","45.6",""
"2020","European Union - 27 countries (from 2020)","Total - all NACE activities","Employed persons","Total","From 15 to 64 years","Total","Hour","37.2",""
"2020","European Union - 28 countries (2013-2020)","Total - all NACE activities","Employed persons","Total","From 15 to 64 years","Total","Hour",":",""
"2020","European Union - 15 countries (1995-2004)","Total - all NACE activities","Employed persons","Total","From 15 to 64 years","Total","Hour",":",""
"2020","Euro area - 19 countries  (from 2015)","Total - all NACE activities","Employed persons","Total","From 15 to 64 years","Total","Hour","36.5",""
"2020","Belgium","Total - all NACE activities","Employed persons","Total","From 15 to 64 years","Total","Hour","37.3",""
"2020","Bulgaria","Total - all NACE activities","Employed persons","Total","From 15 to 64 years","Total","Hour","40.4",""
"2020","Czechia","Total - all NACE activities","Employed persons","Total","From 15 to 64 years","Total","Hour","40.2",""
"2020","Denmark","Total - all NACE activities","Employed persons","Total","From 15 to 64 years","Total","Hour","33.6",""
"2020","Germany (until 1990 former territory of the FRG)","Total - all NACE activities","Employed persons","Total","From 15 to 64 years","Total","Hour","35.1","bp"
"2020","Estonia","Total - all NACE activities","Employed persons","Total","From 15 to 64 years","Total","Hour","38.2",""
"2020","Ireland","Total - all NACE activities","Employed persons","Total","From 15 to 64 years","Total","Hour","36.6",""
"2020","Greece","Total - all NACE activities","Employed persons","Total","From 15 to 64 years","Total","Hour","41.7",""
"2020","Spain","Total - all NACE activities","Employed persons","Total","From 15 to 64 years","Total","Hour","37.5",""
"2020","France","Total - all NACE activities","Employed persons","Total","From 15 to 64 years","Total","Hour","37.5",""
"2020","Croatia","Total - all NACE activities","Employed persons","Total","From 15 to 64 years","Total","Hour","39.8",""
"2020","Italy","Total - all NACE activities","Employed persons","Total","From 15 to 64 years","Total","Hour","37.0",""
"2020","Cyprus","Total - all NACE activities","Employed persons","Total","From 15 to 64 years","Total","Hour","39.2",""
"2020","Latvia","Total - all NACE activities","Employed persons","Total","From 15 to 64 years","Total","Hour","38.8",""
"2020","Lithuania","Total - all NACE activities","Employed persons","Total","From 15 to 64 years","Total","Hour","39.1",""
"2020","Luxembourg","Total - all NACE activities","Employed persons","Total","From 15 to 64 years","Total","Hour","37.5",""
"2020","Hungary","Total - all NACE activities","Employed persons","Total","From 15 to 64 years","Total","Hour","39.5",""
"2020","Malta","Total - all NACE activities","Employed persons","Total","From 15 to 64 years","Total","Hour","39.8",""
"2020","Netherlands","Total - all NACE activities","Employed persons","Total","From 15 to 64 years","Total","Hour","30.6",""
"2020","Austria","Total - all NACE activities","Employed persons","Total","From 15 to 64 years","Total","Hour","36.6",""
"2020","Poland","Total - all NACE activities","Employed persons","Total","From 15 to 64 years","Total","Hour","40.3",""
"2020","Portugal","Total - all NACE activities","Employed persons","Total","From 15 to 64 years","Total","Hour","39.7",""
"2020","Romania","Total - all NACE activities","Employed persons","Total","From 15 to 64 years","Total","Hour","39.9",""
"2020","Slovenia","Total - all NACE activities","Employed persons","Total","From 15 to 64 years","Total","Hour","39.6",""
"2020","Slovakia","Total - all NACE activities","Employed persons","Total","From 15 to 64 years","Total","Hour","40.0",""
"2020","Finland","Total - all NACE activities","Employed persons","Total","From 15 to 64 years","Total","Hour","36.9",""
"2020","Sweden","Total - all NACE activities","Employed persons","Total","From 15 to 64 years","Total","Hour","36.8",""
"2020","Iceland","Total - all NACE activities","Employed persons","Total","From 15 to 64 years","Total","Hour","38.6","b"
"2020","Norway","Total - all NACE activities","Employed persons","Total","From 15 to 64 years","Total","Hour","33.9",""
"2020","Switzerland","Total - all NACE activities","Employed persons","Total","From 15 to 64 years","Total","Hour","35.2",""
"2020","United Kingdom","Total - all NACE activities","Employed persons","Total","From 15 to 64 years","Total","Hour",":",""
"2020","Montenegro","Total - all NACE activities","Employed persons","Total","From 15 to 64 years","Total","Hour","44.4",""
"2020","North Macedonia","Total - all NACE activities","Employed persons","Total","From 15 to 64 years","Total","Hour","40.9",""
"2020","Serbia","Total - all NACE activities","Employed persons","Total","From 15 to 64 years","Total","Hour","42.7",""
"2020","Turkey","Total - all NACE activities","Employed persons","Total","From 15 to 64 years","Total","Hour","44.7",""
