DATAFLOW,LAST UPDATE,freq,unit,na_item,geo,TIME_PERIOD,OBS_VALUE,OBS_FLAG
ESTAT:TESEM160(1.0),16/03/22 11:00:00,A,PC_EU27_2020_MPPS_CP,NLPR_HW,AT,2005,117.5,
ESTAT:TESEM160(1.0),16/03/22 11:00:00,A,PC_EU27_2020_MPPS_CP,NLPR_HW,AT,2006,117.8,
ESTAT:TESEM160(1.0),16/03/22 11:00:00,A,PC_EU27_2020_MPPS_CP,NLPR_HW,AT,2007,116.8,
ESTAT:TESEM160(1.0),16/03/22 11:00:00,A,PC_EU27_2020_MPPS_CP,NLPR_HW,AT,2008,116.3,
ESTAT:TESEM160(1.0),16/03/22 11:00:00,A,PC_EU27_2020_MPPS_CP,NLPR_HW,AT,2009,117.5,
ESTAT:TESEM160(1.0),16/03/22 11:00:00,A,PC_EU27_2020_MPPS_CP,NLPR_HW,AT,2010,115.6,
ESTAT:TESEM160(1.0),16/03/22 11:00:00,A,PC_EU27_2020_MPPS_CP,NLPR_HW,AT,2011,115.1,
ESTAT:TESEM160(1.0),16/03/22 11:00:00,A,PC_EU27_2020_MPPS_CP,NLPR_HW,AT,2012,118.0,
ESTAT:TESEM160(1.0),16/03/22 11:00:00,A,PC_EU27_2020_MPPS_CP,NLPR_HW,AT,2013,117.9,
ESTAT:TESEM160(1.0),16/03/22 11:00:00,A,PC_EU27_2020_MPPS_CP,NLPR_HW,AT,2014,118.1,
ESTAT:TESEM160(1.0),16/03/22 11:00:00,A,PC_EU27_2020_MPPS_CP,NLPR_HW,AT,2015,119.7,
ESTAT:TESEM160(1.0),16/03/22 11:00:00,A,PC_EU27_2020_MPPS_CP,NLPR_HW,AT,2016,119.5,
ESTAT:TESEM160(1.0),16/03/22 11:00:00,A,PC_EU27_2020_MPPS_CP,NLPR_HW,AT,2017,117.5,
ESTAT:TESEM160(1.0),16/03/22 11:00:00,A,PC_EU27_2020_MPPS_CP,NLPR_HW,AT,2018,117.8,
ESTAT:TESEM160(1.0),16/03/22 11:00:00,A,PC_EU27_2020_MPPS_CP,NLPR_HW,AT,2019,115.9,
ESTAT:TESEM160(1.0),16/03/22 11:00:00,A,PC_EU27_2020_MPPS_CP,NLPR_HW,AT,2020,117.4,
ESTAT:TESEM160(1.0),16/03/22 11:00:00,A,PC_EU27_2020_MPPS_CP,NLPR_HW,BE,2005,142.8,
ESTAT:TESEM160(1.0),16/03/22 11:00:00,A,PC_EU27_2020_MPPS_CP,NLPR_HW,BE,2006,139.9,
ESTAT:TESEM160(1.0),16/03/22 11:00:00,A,PC_EU27_2020_MPPS_CP,NLPR_HW,BE,2007,138.0,
ESTAT:TESEM160(1.0),16/03/22 11:00:00,A,PC_EU27_2020_MPPS_CP,NLPR_HW,BE,2008,136.2,
ESTAT:TESEM160(1.0),16/03/22 11:00:00,A,PC_EU27_2020_MPPS_CP,NLPR_HW,BE,2009,136.8,
ESTAT:TESEM160(1.0),16/03/22 11:00:00,A,PC_EU27_2020_MPPS_CP,NLPR_HW,BE,2010,138.0,
ESTAT:TESEM160(1.0),16/03/22 11:00:00,A,PC_EU27_2020_MPPS_CP,NLPR_HW,BE,2011,134.0,
ESTAT:TESEM160(1.0),16/03/22 11:00:00,A,PC_EU27_2020_MPPS_CP,NLPR_HW,BE,2012,135.2,
ESTAT:TESEM160(1.0),16/03/22 11:00:00,A,PC_EU27_2020_MPPS_CP,NLPR_HW,BE,2013,134.7,
ESTAT:TESEM160(1.0),16/03/22 11:00:00,A,PC_EU27_2020_MPPS_CP,NLPR_HW,BE,2014,136.1,
ESTAT:TESEM160(1.0),16/03/22 11:00:00,A,PC_EU27_2020_MPPS_CP,NLPR_HW,BE,2015,136.8,
ESTAT:TESEM160(1.0),16/03/22 11:00:00,A,PC_EU27_2020_MPPS_CP,NLPR_HW,BE,2016,136.5,
ESTAT:TESEM160(1.0),16/03/22 11:00:00,A,PC_EU27_2020_MPPS_CP,NLPR_HW,BE,2017,134.0,
ESTAT:TESEM160(1.0),16/03/22 11:00:00,A,PC_EU27_2020_MPPS_CP,NLPR_HW,BE,2018,133.5,
ESTAT:TESEM160(1.0),16/03/22 11:00:00,A,PC_EU27_2020_MPPS_CP,NLPR_HW,BE,2019,133.5,
ESTAT:TESEM160(1.0),16/03/22 11:00:00,A,PC_EU27_2020_MPPS_CP,NLPR_HW,BE,2020,137.8,p
ESTAT:TESEM160(1.0),16/03/22 11:00:00,A,PC_EU27_2020_MPPS_CP,NLPR_HW,BG,2005,37.6,
ESTAT:TESEM160(1.0),16/03/22 11:00:00,A,PC_EU27_2020_MPPS_CP,NLPR_HW,BG,2006,37.5,
ESTAT:TESEM160(1.0),16/03/22 11:00:00,A,PC_EU27_2020_MPPS_CP,NLPR_HW,BG,2007,38.8,
ESTAT:TESEM160(1.0),16/03/22 11:00:00,A,PC_EU27_2020_MPPS_CP,NLPR_HW,BG,2008,39.5,
ESTAT:TESEM160(1.0),16/03/22 11:00:00,A,PC_EU27_2020_MPPS_CP,NLPR_HW,BG,2009,40.1,
ESTAT:TESEM160(1.0),16/03/22 11:00:00,A,PC_EU27_2020_MPPS_CP,NLPR_HW,BG,2010,41.9,
ESTAT:TESEM160(1.0),16/03/22 11:00:00,A,PC_EU27_2020_MPPS_CP,NLPR_HW,BG,2011,42.9,
ESTAT:TESEM160(1.0),16/03/22 11:00:00,A,PC_EU27_2020_MPPS_CP,NLPR_HW,BG,2012,44.1,
ESTAT:TESEM160(1.0),16/03/22 11:00:00,A,PC_EU27_2020_MPPS_CP,NLPR_HW,BG,2013,42.9,
ESTAT:TESEM160(1.0),16/03/22 11:00:00,A,PC_EU27_2020_MPPS_CP,NLPR_HW,BG,2014,44.1,
ESTAT:TESEM160(1.0),16/03/22 11:00:00,A,PC_EU27_2020_MPPS_CP,NLPR_HW,BG,2015,44.5,
ESTAT:TESEM160(1.0),16/03/22 11:00:00,A,PC_EU27_2020_MPPS_CP,NLPR_HW,BG,2016,45.8,
ESTAT:TESEM160(1.0),16/03/22 11:00:00,A,PC_EU27_2020_MPPS_CP,NLPR_HW,BG,2017,45.9,
ESTAT:TESEM160(1.0),16/03/22 11:00:00,A,PC_EU27_2020_MPPS_CP,NLPR_HW,BG,2018,47.2,
ESTAT:TESEM160(1.0),16/03/22 11:00:00,A,PC_EU27_2020_MPPS_CP,NLPR_HW,BG,2019,48.6,
ESTAT:TESEM160(1.0),16/03/22 11:00:00,A,PC_EU27_2020_MPPS_CP,NLPR_HW,BG,2020,48.8,
ESTAT:TESEM160(1.0),16/03/22 11:00:00,A,PC_EU27_2020_MPPS_CP,NLPR_HW,CH,2005,122.8,
ESTAT:TESEM160(1.0),16/03/22 11:00:00,A,PC_EU27_2020_MPPS_CP,NLPR_HW,CH,2006,126.6,
ESTAT:TESEM160(1.0),16/03/22 11:00:00,A,PC_EU27_2020_MPPS_CP,NLPR_HW,CH,2007,131.8,
ESTAT:TESEM160(1.0),16/03/22 11:00:00,A,PC_EU27_2020_MPPS_CP,NLPR_HW,CH,2008,133.1,
ESTAT:TESEM160(1.0),16/03/22 11:00:00,A,PC_EU27_2020_MPPS_CP,NLPR_HW,CH,2009,131.2,e
ESTAT:TESEM160(1.0),16/03/22 11:00:00,A,PC_EU27_2020_MPPS_CP,NLPR_HW,CH,2010,133.6,
ESTAT:TESEM160(1.0),16/03/22 11:00:00,A,PC_EU27_2020_MPPS_CP,NLPR_HW,CH,2011,133.2,
ESTAT:TESEM160(1.0),16/03/22 11:00:00,A,PC_EU27_2020_MPPS_CP,NLPR_HW,CH,2012,134.3,
ESTAT:TESEM160(1.0),16/03/22 11:00:00,A,PC_EU27_2020_MPPS_CP,NLPR_HW,CH,2013,135.0,
ESTAT:TESEM160(1.0),16/03/22 11:00:00,A,PC_EU27_2020_MPPS_CP,NLPR_HW,CH,2014,136.1,
ESTAT:TESEM160(1.0),16/03/22 11:00:00,A,PC_EU27_2020_MPPS_CP,NLPR_HW,CH,2015,135.3,
ESTAT:TESEM160(1.0),16/03/22 11:00:00,A,PC_EU27_2020_MPPS_CP,NLPR_HW,CH,2016,132.8,
ESTAT:TESEM160(1.0),16/03/22 11:00:00,A,PC_EU27_2020_MPPS_CP,NLPR_HW,CH,2017,130.8,
ESTAT:TESEM160(1.0),16/03/22 11:00:00,A,PC_EU27_2020_MPPS_CP,NLPR_HW,CH,2018,131.4,
ESTAT:TESEM160(1.0),16/03/22 11:00:00,A,PC_EU27_2020_MPPS_CP,NLPR_HW,CH,2019,129.1,
ESTAT:TESEM160(1.0),16/03/22 11:00:00,A,PC_EU27_2020_MPPS_CP,NLPR_HW,CH,2020,129.3,
ESTAT:TESEM160(1.0),16/03/22 11:00:00,A,PC_EU27_2020_MPPS_CP,NLPR_HW,CY,2005,83.9,
ESTAT:TESEM160(1.0),16/03/22 11:00:00,A,PC_EU27_2020_MPPS_CP,NLPR_HW,CY,2006,85.2,
ESTAT:TESEM160(1.0),16/03/22 11:00:00,A,PC_EU27_2020_MPPS_CP,NLPR_HW,CY,2007,85.9,
ESTAT:TESEM160(1.0),16/03/22 11:00:00,A,PC_EU27_2020_MPPS_CP,NLPR_HW,CY,2008,86.3,
ESTAT:TESEM160(1.0),16/03/22 11:00:00,A,PC_EU27_2020_MPPS_CP,NLPR_HW,CY,2009,86.0,
ESTAT:TESEM160(1.0),16/03/22 11:00:00,A,PC_EU27_2020_MPPS_CP,NLPR_HW,CY,2010,83.1,
ESTAT:TESEM160(1.0),16/03/22 11:00:00,A,PC_EU27_2020_MPPS_CP,NLPR_HW,CY,2011,80.9,
ESTAT:TESEM160(1.0),16/03/22 11:00:00,A,PC_EU27_2020_MPPS_CP,NLPR_HW,CY,2012,79.2,
ESTAT:TESEM160(1.0),16/03/22 11:00:00,A,PC_EU27_2020_MPPS_CP,NLPR_HW,CY,2013,77.9,
ESTAT:TESEM160(1.0),16/03/22 11:00:00,A,PC_EU27_2020_MPPS_CP,NLPR_HW,CY,2014,76.1,
ESTAT:TESEM160(1.0),16/03/22 11:00:00,A,PC_EU27_2020_MPPS_CP,NLPR_HW,CY,2015,76.5,
ESTAT:TESEM160(1.0),16/03/22 11:00:00,A,PC_EU27_2020_MPPS_CP,NLPR_HW,CY,2016,78.1,
ESTAT:TESEM160(1.0),16/03/22 11:00:00,A,PC_EU27_2020_MPPS_CP,NLPR_HW,CY,2017,77.6,
ESTAT:TESEM160(1.0),16/03/22 11:00:00,A,PC_EU27_2020_MPPS_CP,NLPR_HW,CY,2018,77.0,
ESTAT:TESEM160(1.0),16/03/22 11:00:00,A,PC_EU27_2020_MPPS_CP,NLPR_HW,CY,2019,76.6,
ESTAT:TESEM160(1.0),16/03/22 11:00:00,A,PC_EU27_2020_MPPS_CP,NLPR_HW,CY,2020,74.4,p
ESTAT:TESEM160(1.0),16/03/22 11:00:00,A,PC_EU27_2020_MPPS_CP,NLPR_HW,CZ,2005,70.4,
ESTAT:TESEM160(1.0),16/03/22 11:00:00,A,PC_EU27_2020_MPPS_CP,NLPR_HW,CZ,2006,71.0,
ESTAT:TESEM160(1.0),16/03/22 11:00:00,A,PC_EU27_2020_MPPS_CP,NLPR_HW,CZ,2007,74.0,
ESTAT:TESEM160(1.0),16/03/22 11:00:00,A,PC_EU27_2020_MPPS_CP,NLPR_HW,CZ,2008,74.1,
ESTAT:TESEM160(1.0),16/03/22 11:00:00,A,PC_EU27_2020_MPPS_CP,NLPR_HW,CZ,2009,74.7,
ESTAT:TESEM160(1.0),16/03/22 11:00:00,A,PC_EU27_2020_MPPS_CP,NLPR_HW,CZ,2010,72.1,
ESTAT:TESEM160(1.0),16/03/22 11:00:00,A,PC_EU27_2020_MPPS_CP,NLPR_HW,CZ,2011,71.8,
ESTAT:TESEM160(1.0),16/03/22 11:00:00,A,PC_EU27_2020_MPPS_CP,NLPR_HW,CZ,2012,71.4,
ESTAT:TESEM160(1.0),16/03/22 11:00:00,A,PC_EU27_2020_MPPS_CP,NLPR_HW,CZ,2013,72.2,
ESTAT:TESEM160(1.0),16/03/22 11:00:00,A,PC_EU27_2020_MPPS_CP,NLPR_HW,CZ,2014,73.9,
ESTAT:TESEM160(1.0),16/03/22 11:00:00,A,PC_EU27_2020_MPPS_CP,NLPR_HW,CZ,2015,75.3,
ESTAT:TESEM160(1.0),16/03/22 11:00:00,A,PC_EU27_2020_MPPS_CP,NLPR_HW,CZ,2016,74.5,
ESTAT:TESEM160(1.0),16/03/22 11:00:00,A,PC_EU27_2020_MPPS_CP,NLPR_HW,CZ,2017,75.8,
ESTAT:TESEM160(1.0),16/03/22 11:00:00,A,PC_EU27_2020_MPPS_CP,NLPR_HW,CZ,2018,76.5,
ESTAT:TESEM160(1.0),16/03/22 11:00:00,A,PC_EU27_2020_MPPS_CP,NLPR_HW,CZ,2019,77.9,
ESTAT:TESEM160(1.0),16/03/22 11:00:00,A,PC_EU27_2020_MPPS_CP,NLPR_HW,CZ,2020,77.7,
ESTAT:TESEM160(1.0),16/03/22 11:00:00,A,PC_EU27_2020_MPPS_CP,NLPR_HW,DE,2005,128.9,
ESTAT:TESEM160(1.0),16/03/22 11:00:00,A,PC_EU27_2020_MPPS_CP,NLPR_HW,DE,2006,126.5,
ESTAT:TESEM160(1.0),16/03/22 11:00:00,A,PC_EU27_2020_MPPS_CP,NLPR_HW,DE,2007,126.0,
ESTAT:TESEM160(1.0),16/03/22 11:00:00,A,PC_EU27_2020_MPPS_CP,NLPR_HW,DE,2008,124.7,
ESTAT:TESEM160(1.0),16/03/22 11:00:00,A,PC_EU27_2020_MPPS_CP,NLPR_HW,DE,2009,122.9,
ESTAT:TESEM160(1.0),16/03/22 11:00:00,A,PC_EU27_2020_MPPS_CP,NLPR_HW,DE,2010,122.3,
ESTAT:TESEM160(1.0),16/03/22 11:00:00,A,PC_EU27_2020_MPPS_CP,NLPR_HW,DE,2011,123.7,
ESTAT:TESEM160(1.0),16/03/22 11:00:00,A,PC_EU27_2020_MPPS_CP,NLPR_HW,DE,2012,123.1,
ESTAT:TESEM160(1.0),16/03/22 11:00:00,A,PC_EU27_2020_MPPS_CP,NLPR_HW,DE,2013,122.6,
ESTAT:TESEM160(1.0),16/03/22 11:00:00,A,PC_EU27_2020_MPPS_CP,NLPR_HW,DE,2014,124.5,
ESTAT:TESEM160(1.0),16/03/22 11:00:00,A,PC_EU27_2020_MPPS_CP,NLPR_HW,DE,2015,123.0,
ESTAT:TESEM160(1.0),16/03/22 11:00:00,A,PC_EU27_2020_MPPS_CP,NLPR_HW,DE,2016,124.7,
ESTAT:TESEM160(1.0),16/03/22 11:00:00,A,PC_EU27_2020_MPPS_CP,NLPR_HW,DE,2017,124.9,
ESTAT:TESEM160(1.0),16/03/22 11:00:00,A,PC_EU27_2020_MPPS_CP,NLPR_HW,DE,2018,124.8,p
ESTAT:TESEM160(1.0),16/03/22 11:00:00,A,PC_EU27_2020_MPPS_CP,NLPR_HW,DE,2019,122.2,p
ESTAT:TESEM160(1.0),16/03/22 11:00:00,A,PC_EU27_2020_MPPS_CP,NLPR_HW,DE,2020,121.8,p
ESTAT:TESEM160(1.0),16/03/22 11:00:00,A,PC_EU27_2020_MPPS_CP,NLPR_HW,DK,2005,126.9,
ESTAT:TESEM160(1.0),16/03/22 11:00:00,A,PC_EU27_2020_MPPS_CP,NLPR_HW,DK,2006,126.7,
ESTAT:TESEM160(1.0),16/03/22 11:00:00,A,PC_EU27_2020_MPPS_CP,NLPR_HW,DK,2007,126.2,
ESTAT:TESEM160(1.0),16/03/22 11:00:00,A,PC_EU27_2020_MPPS_CP,NLPR_HW,DK,2008,127.8,
ESTAT:TESEM160(1.0),16/03/22 11:00:00,A,PC_EU27_2020_MPPS_CP,NLPR_HW,DK,2009,129.0,
ESTAT:TESEM160(1.0),16/03/22 11:00:00,A,PC_EU27_2020_MPPS_CP,NLPR_HW,DK,2010,135.2,
ESTAT:TESEM160(1.0),16/03/22 11:00:00,A,PC_EU27_2020_MPPS_CP,NLPR_HW,DK,2011,132.6,
ESTAT:TESEM160(1.0),16/03/22 11:00:00,A,PC_EU27_2020_MPPS_CP,NLPR_HW,DK,2012,132.9,
ESTAT:TESEM160(1.0),16/03/22 11:00:00,A,PC_EU27_2020_MPPS_CP,NLPR_HW,DK,2013,132.9,
ESTAT:TESEM160(1.0),16/03/22 11:00:00,A,PC_EU27_2020_MPPS_CP,NLPR_HW,DK,2014,134.1,
ESTAT:TESEM160(1.0),16/03/22 11:00:00,A,PC_EU27_2020_MPPS_CP,NLPR_HW,DK,2015,133.8,
ESTAT:TESEM160(1.0),16/03/22 11:00:00,A,PC_EU27_2020_MPPS_CP,NLPR_HW,DK,2016,133.7,
ESTAT:TESEM160(1.0),16/03/22 11:00:00,A,PC_EU27_2020_MPPS_CP,NLPR_HW,DK,2017,136.2,
ESTAT:TESEM160(1.0),16/03/22 11:00:00,A,PC_EU27_2020_MPPS_CP,NLPR_HW,DK,2018,137.8,
ESTAT:TESEM160(1.0),16/03/22 11:00:00,A,PC_EU27_2020_MPPS_CP,NLPR_HW,DK,2019,136.9,
ESTAT:TESEM160(1.0),16/03/22 11:00:00,A,PC_EU27_2020_MPPS_CP,NLPR_HW,DK,2020,139.3,
ESTAT:TESEM160(1.0),16/03/22 11:00:00,A,PC_EU27_2020_MPPS_CP,NLPR_HW,EA,2005,116.9,
ESTAT:TESEM160(1.0),16/03/22 11:00:00,A,PC_EU27_2020_MPPS_CP,NLPR_HW,EA,2006,116.5,
ESTAT:TESEM160(1.0),16/03/22 11:00:00,A,PC_EU27_2020_MPPS_CP,NLPR_HW,EA,2007,115.6,
ESTAT:TESEM160(1.0),16/03/22 11:00:00,A,PC_EU27_2020_MPPS_CP,NLPR_HW,EA,2008,114.8,
ESTAT:TESEM160(1.0),16/03/22 11:00:00,A,PC_EU27_2020_MPPS_CP,NLPR_HW,EA,2009,113.8,
ESTAT:TESEM160(1.0),16/03/22 11:00:00,A,PC_EU27_2020_MPPS_CP,NLPR_HW,EA,2010,112.9,
ESTAT:TESEM160(1.0),16/03/22 11:00:00,A,PC_EU27_2020_MPPS_CP,NLPR_HW,EA,2011,112.1,
ESTAT:TESEM160(1.0),16/03/22 11:00:00,A,PC_EU27_2020_MPPS_CP,NLPR_HW,EA,2012,112.0,
ESTAT:TESEM160(1.0),16/03/22 11:00:00,A,PC_EU27_2020_MPPS_CP,NLPR_HW,EA,2013,112.2,
ESTAT:TESEM160(1.0),16/03/22 11:00:00,A,PC_EU27_2020_MPPS_CP,NLPR_HW,EA,2014,111.8,
ESTAT:TESEM160(1.0),16/03/22 11:00:00,A,PC_EU27_2020_MPPS_CP,NLPR_HW,EA,2015,111.0,
ESTAT:TESEM160(1.0),16/03/22 11:00:00,A,PC_EU27_2020_MPPS_CP,NLPR_HW,EA,2016,111.0,
ESTAT:TESEM160(1.0),16/03/22 11:00:00,A,PC_EU27_2020_MPPS_CP,NLPR_HW,EA,2017,110.6,
ESTAT:TESEM160(1.0),16/03/22 11:00:00,A,PC_EU27_2020_MPPS_CP,NLPR_HW,EA,2018,109.8,
ESTAT:TESEM160(1.0),16/03/22 11:00:00,A,PC_EU27_2020_MPPS_CP,NLPR_HW,EA,2019,109.2,
ESTAT:TESEM160(1.0),16/03/22 11:00:00,A,PC_EU27_2020_MPPS_CP,NLPR_HW,EA,2020,109.9,
ESTAT:TESEM160(1.0),16/03/22 11:00:00,A,PC_EU27_2020_MPPS_CP,NLPR_HW,EA19,2005,114.0,
ESTAT:TESEM160(1.0),16/03/22 11:00:00,A,PC_EU27_2020_MPPS_CP,NLPR_HW,EA19,2006,113.7,
ESTAT:TESEM160(1.0),16/03/22 11:00:00,A,PC_EU27_2020_MPPS_CP,NLPR_HW,EA19,2007,113.2,
ESTAT:TESEM160(1.0),16/03/22 11:00:00,A,PC_EU27_2020_MPPS_CP,NLPR_HW,EA19,2008,112.7,
ESTAT:TESEM160(1.0),16/03/22 11:00:00,A,PC_EU27_2020_MPPS_CP,NLPR_HW,EA19,2009,112.5,
ESTAT:TESEM160(1.0),16/03/22 11:00:00,A,PC_EU27_2020_MPPS_CP,NLPR_HW,EA19,2010,111.7,
ESTAT:TESEM160(1.0),16/03/22 11:00:00,A,PC_EU27_2020_MPPS_CP,NLPR_HW,EA19,2011,111.2,
ESTAT:TESEM160(1.0),16/03/22 11:00:00,A,PC_EU27_2020_MPPS_CP,NLPR_HW,EA19,2012,111.1,
ESTAT:TESEM160(1.0),16/03/22 11:00:00,A,PC_EU27_2020_MPPS_CP,NLPR_HW,EA19,2013,111.3,
ESTAT:TESEM160(1.0),16/03/22 11:00:00,A,PC_EU27_2020_MPPS_CP,NLPR_HW,EA19,2014,111.4,
ESTAT:TESEM160(1.0),16/03/22 11:00:00,A,PC_EU27_2020_MPPS_CP,NLPR_HW,EA19,2015,111.0,
ESTAT:TESEM160(1.0),16/03/22 11:00:00,A,PC_EU27_2020_MPPS_CP,NLPR_HW,EA19,2016,111.0,
ESTAT:TESEM160(1.0),16/03/22 11:00:00,A,PC_EU27_2020_MPPS_CP,NLPR_HW,EA19,2017,110.6,
ESTAT:TESEM160(1.0),16/03/22 11:00:00,A,PC_EU27_2020_MPPS_CP,NLPR_HW,EA19,2018,109.8,
ESTAT:TESEM160(1.0),16/03/22 11:00:00,A,PC_EU27_2020_MPPS_CP,NLPR_HW,EA19,2019,109.2,
ESTAT:TESEM160(1.0),16/03/22 11:00:00,A,PC_EU27_2020_MPPS_CP,NLPR_HW,EA19,2020,109.9,
ESTAT:TESEM160(1.0),16/03/22 11:00:00,A,PC_EU27_2020_MPPS_CP,NLPR_HW,EE,2005,50.7,
ESTAT:TESEM160(1.0),16/03/22 11:00:00,A,PC_EU27_2020_MPPS_CP,NLPR_HW,EE,2006,52.4,
ESTAT:TESEM160(1.0),16/03/22 11:00:00,A,PC_EU27_2020_MPPS_CP,NLPR_HW,EE,2007,57.2,
ESTAT:TESEM160(1.0),16/03/22 11:00:00,A,PC_EU27_2020_MPPS_CP,NLPR_HW,EE,2008,57.3,
ESTAT:TESEM160(1.0),16/03/22 11:00:00,A,PC_EU27_2020_MPPS_CP,NLPR_HW,EE,2009,60.6,
ESTAT:TESEM160(1.0),16/03/22 11:00:00,A,PC_EU27_2020_MPPS_CP,NLPR_HW,EE,2010,63.0,
ESTAT:TESEM160(1.0),16/03/22 11:00:00,A,PC_EU27_2020_MPPS_CP,NLPR_HW,EE,2011,62.5,
ESTAT:TESEM160(1.0),16/03/22 11:00:00,A,PC_EU27_2020_MPPS_CP,NLPR_HW,EE,2012,64.2,
ESTAT:TESEM160(1.0),16/03/22 11:00:00,A,PC_EU27_2020_MPPS_CP,NLPR_HW,EE,2013,64.5,
ESTAT:TESEM160(1.0),16/03/22 11:00:00,A,PC_EU27_2020_MPPS_CP,NLPR_HW,EE,2014,66.1,
ESTAT:TESEM160(1.0),16/03/22 11:00:00,A,PC_EU27_2020_MPPS_CP,NLPR_HW,EE,2015,63.6,
ESTAT:TESEM160(1.0),16/03/22 11:00:00,A,PC_EU27_2020_MPPS_CP,NLPR_HW,EE,2016,64.8,
ESTAT:TESEM160(1.0),16/03/22 11:00:00,A,PC_EU27_2020_MPPS_CP,NLPR_HW,EE,2017,65.5,
ESTAT:TESEM160(1.0),16/03/22 11:00:00,A,PC_EU27_2020_MPPS_CP,NLPR_HW,EE,2018,69.9,
ESTAT:TESEM160(1.0),16/03/22 11:00:00,A,PC_EU27_2020_MPPS_CP,NLPR_HW,EE,2019,71.1,
ESTAT:TESEM160(1.0),16/03/22 11:00:00,A,PC_EU27_2020_MPPS_CP,NLPR_HW,EE,2020,72.4,
ESTAT:TESEM160(1.0),16/03/22 11:00:00,A,PC_EU27_2020_MPPS_CP,NLPR_HW,EL,2005,78.4,
ESTAT:TESEM160(1.0),16/03/22 11:00:00,A,PC_EU27_2020_MPPS_CP,NLPR_HW,EL,2006,80.9,
ESTAT:TESEM160(1.0),16/03/22 11:00:00,A,PC_EU27_2020_MPPS_CP,NLPR_HW,EL,2007,79.1,
ESTAT:TESEM160(1.0),16/03/22 11:00:00,A,PC_EU27_2020_MPPS_CP,NLPR_HW,EL,2008,79.4,
ESTAT:TESEM160(1.0),16/03/22 11:00:00,A,PC_EU27_2020_MPPS_CP,NLPR_HW,EL,2009,78.6,
ESTAT:TESEM160(1.0),16/03/22 11:00:00,A,PC_EU27_2020_MPPS_CP,NLPR_HW,EL,2010,72.8,b
ESTAT:TESEM160(1.0),16/03/22 11:00:00,A,PC_EU27_2020_MPPS_CP,NLPR_HW,EL,2011,66.0,
ESTAT:TESEM160(1.0),16/03/22 11:00:00,A,PC_EU27_2020_MPPS_CP,NLPR_HW,EL,2012,63.3,
ESTAT:TESEM160(1.0),16/03/22 11:00:00,A,PC_EU27_2020_MPPS_CP,NLPR_HW,EL,2013,62.8,
ESTAT:TESEM160(1.0),16/03/22 11:00:00,A,PC_EU27_2020_MPPS_CP,NLPR_HW,EL,2014,62.0,
ESTAT:TESEM160(1.0),16/03/22 11:00:00,A,PC_EU27_2020_MPPS_CP,NLPR_HW,EL,2015,62.7,
ESTAT:TESEM160(1.0),16/03/22 11:00:00,A,PC_EU27_2020_MPPS_CP,NLPR_HW,EL,2016,59.0,
ESTAT:TESEM160(1.0),16/03/22 11:00:00,A,PC_EU27_2020_MPPS_CP,NLPR_HW,EL,2017,58.9,
ESTAT:TESEM160(1.0),16/03/22 11:00:00,A,PC_EU27_2020_MPPS_CP,NLPR_HW,EL,2018,55.9,
ESTAT:TESEM160(1.0),16/03/22 11:00:00,A,PC_EU27_2020_MPPS_CP,NLPR_HW,EL,2019,56.7,p
ESTAT:TESEM160(1.0),16/03/22 11:00:00,A,PC_EU27_2020_MPPS_CP,NLPR_HW,EL,2020,56.1,p
ESTAT:TESEM160(1.0),16/03/22 11:00:00,A,PC_EU27_2020_MPPS_CP,NLPR_HW,ES,2005,98.3,
ESTAT:TESEM160(1.0),16/03/22 11:00:00,A,PC_EU27_2020_MPPS_CP,NLPR_HW,ES,2006,100.4,
ESTAT:TESEM160(1.0),16/03/22 11:00:00,A,PC_EU27_2020_MPPS_CP,NLPR_HW,ES,2007,100.8,
ESTAT:TESEM160(1.0),16/03/22 11:00:00,A,PC_EU27_2020_MPPS_CP,NLPR_HW,ES,2008,100.1,
ESTAT:TESEM160(1.0),16/03/22 11:00:00,A,PC_EU27_2020_MPPS_CP,NLPR_HW,ES,2009,102.3,
ESTAT:TESEM160(1.0),16/03/22 11:00:00,A,PC_EU27_2020_MPPS_CP,NLPR_HW,ES,2010,99.7,
ESTAT:TESEM160(1.0),16/03/22 11:00:00,A,PC_EU27_2020_MPPS_CP,NLPR_HW,ES,2011,98.3,
ESTAT:TESEM160(1.0),16/03/22 11:00:00,A,PC_EU27_2020_MPPS_CP,NLPR_HW,ES,2012,100.1,
ESTAT:TESEM160(1.0),16/03/22 11:00:00,A,PC_EU27_2020_MPPS_CP,NLPR_HW,ES,2013,100.4,
ESTAT:TESEM160(1.0),16/03/22 11:00:00,A,PC_EU27_2020_MPPS_CP,NLPR_HW,ES,2014,100.3,
ESTAT:TESEM160(1.0),16/03/22 11:00:00,A,PC_EU27_2020_MPPS_CP,NLPR_HW,ES,2015,98.9,
ESTAT:TESEM160(1.0),16/03/22 11:00:00,A,PC_EU27_2020_MPPS_CP,NLPR_HW,ES,2016,98.4,
ESTAT:TESEM160(1.0),16/03/22 11:00:00,A,PC_EU27_2020_MPPS_CP,NLPR_HW,ES,2017,98.2,
ESTAT:TESEM160(1.0),16/03/22 11:00:00,A,PC_EU27_2020_MPPS_CP,NLPR_HW,ES,2018,95.8,
ESTAT:TESEM160(1.0),16/03/22 11:00:00,A,PC_EU27_2020_MPPS_CP,NLPR_HW,ES,2019,94.7,p
ESTAT:TESEM160(1.0),16/03/22 11:00:00,A,PC_EU27_2020_MPPS_CP,NLPR_HW,ES,2020,92.6,p
ESTAT:TESEM160(1.0),16/03/22 11:00:00,A,PC_EU27_2020_MPPS_CP,NLPR_HW,EU27_2020,2005,100.0,
ESTAT:TESEM160(1.0),16/03/22 11:00:00,A,PC_EU27_2020_MPPS_CP,NLPR_HW,EU27_2020,2006,100.0,
ESTAT:TESEM160(1.0),16/03/22 11:00:00,A,PC_EU27_2020_MPPS_CP,NLPR_HW,EU27_2020,2007,100.0,
ESTAT:TESEM160(1.0),16/03/22 11:00:00,A,PC_EU27_2020_MPPS_CP,NLPR_HW,EU27_2020,2008,100.0,
ESTAT:TESEM160(1.0),16/03/22 11:00:00,A,PC_EU27_2020_MPPS_CP,NLPR_HW,EU27_2020,2009,100.0,
ESTAT:TESEM160(1.0),16/03/22 11:00:00,A,PC_EU27_2020_MPPS_CP,NLPR_HW,EU27_2020,2010,100.0,
ESTAT:TESEM160(1.0),16/03/22 11:00:00,A,PC_EU27_2020_MPPS_CP,NLPR_HW,EU27_2020,2011,100.0,
ESTAT:TESEM160(1.0),16/03/22 11:00:00,A,PC_EU27_2020_MPPS_CP,NLPR_HW,EU27_2020,2012,100.0,
ESTAT:TESEM160(1.0),16/03/22 11:00:00,A,PC_EU27_2020_MPPS_CP,NLPR_HW,EU27_2020,2013,100.0,
ESTAT:TESEM160(1.0),16/03/22 11:00:00,A,PC_EU27_2020_MPPS_CP,NLPR_HW,EU27_2020,2014,100.0,
ESTAT:TESEM160(1.0),16/03/22 11:00:00,A,PC_EU27_2020_MPPS_CP,NLPR_HW,EU27_2020,2015,100.0,
ESTAT:TESEM160(1.0),16/03/22 11:00:00,A,PC_EU27_2020_MPPS_CP,NLPR_HW,EU27_2020,2016,100.0,
ESTAT:TESEM160(1.0),16/03/22 11:00:00,A,PC_EU27_2020_MPPS_CP,NLPR_HW,EU27_2020,2017,100.0,
ESTAT:TESEM160(1.0),16/03/22 11:00:00,A,PC_EU27_2020_MPPS_CP,NLPR_HW,EU27_2020,2018,100.0,
ESTAT:TESEM160(1.0),16/03/22 11:00:00,A,PC_EU27_2020_MPPS_CP,NLPR_HW,EU27_2020,2019,100.0,
ESTAT:TESEM160(1.0),16/03/22 11:00:00,A,PC_EU27_2020_MPPS_CP,NLPR_HW,EU27_2020,2020,100.0,
ESTAT:TESEM160(1.0),16/03/22 11:00:00,A,PC_EU27_2020_MPPS_CP,NLPR_HW,EU28,2005,101.7,
ESTAT:TESEM160(1.0),16/03/22 11:00:00,A,PC_EU27_2020_MPPS_CP,NLPR_HW,EU28,2006,101.6,
ESTAT:TESEM160(1.0),16/03/22 11:00:00,A,PC_EU27_2020_MPPS_CP,NLPR_HW,EU28,2007,101.3,
ESTAT:TESEM160(1.0),16/03/22 11:00:00,A,PC_EU27_2020_MPPS_CP,NLPR_HW,EU28,2008,101.3,
ESTAT:TESEM160(1.0),16/03/22 11:00:00,A,PC_EU27_2020_MPPS_CP,NLPR_HW,EU28,2009,100.9,
ESTAT:TESEM160(1.0),16/03/22 11:00:00,A,PC_EU27_2020_MPPS_CP,NLPR_HW,EU28,2010,101.0,
ESTAT:TESEM160(1.0),16/03/22 11:00:00,A,PC_EU27_2020_MPPS_CP,NLPR_HW,EU28,2011,100.6,
ESTAT:TESEM160(1.0),16/03/22 11:00:00,A,PC_EU27_2020_MPPS_CP,NLPR_HW,EU28,2012,100.5,
ESTAT:TESEM160(1.0),16/03/22 11:00:00,A,PC_EU27_2020_MPPS_CP,NLPR_HW,EU28,2013,100.3,
ESTAT:TESEM160(1.0),16/03/22 11:00:00,A,PC_EU27_2020_MPPS_CP,NLPR_HW,EU28,2014,100.2,
ESTAT:TESEM160(1.0),16/03/22 11:00:00,A,PC_EU27_2020_MPPS_CP,NLPR_HW,EU28,2015,100.3,
ESTAT:TESEM160(1.0),16/03/22 11:00:00,A,PC_EU27_2020_MPPS_CP,NLPR_HW,EU28,2016,99.9,
ESTAT:TESEM160(1.0),16/03/22 11:00:00,A,PC_EU27_2020_MPPS_CP,NLPR_HW,EU28,2017,99.8,
ESTAT:TESEM160(1.0),16/03/22 11:00:00,A,PC_EU27_2020_MPPS_CP,NLPR_HW,EU28,2018,99.6,
ESTAT:TESEM160(1.0),16/03/22 11:00:00,A,PC_EU27_2020_MPPS_CP,NLPR_HW,EU28,2019,99.6,
ESTAT:TESEM160(1.0),16/03/22 11:00:00,A,PC_EU27_2020_MPPS_CP,NLPR_HW,FI,2005,115.5,
ESTAT:TESEM160(1.0),16/03/22 11:00:00,A,PC_EU27_2020_MPPS_CP,NLPR_HW,FI,2006,114.6,
ESTAT:TESEM160(1.0),16/03/22 11:00:00,A,PC_EU27_2020_MPPS_CP,NLPR_HW,FI,2007,118.4,
ESTAT:TESEM160(1.0),16/03/22 11:00:00,A,PC_EU27_2020_MPPS_CP,NLPR_HW,FI,2008,118.8,
ESTAT:TESEM160(1.0),16/03/22 11:00:00,A,PC_EU27_2020_MPPS_CP,NLPR_HW,FI,2009,115.9,
ESTAT:TESEM160(1.0),16/03/22 11:00:00,A,PC_EU27_2020_MPPS_CP,NLPR_HW,FI,2010,114.9,
ESTAT:TESEM160(1.0),16/03/22 11:00:00,A,PC_EU27_2020_MPPS_CP,NLPR_HW,FI,2011,114.6,
ESTAT:TESEM160(1.0),16/03/22 11:00:00,A,PC_EU27_2020_MPPS_CP,NLPR_HW,FI,2012,111.6,
ESTAT:TESEM160(1.0),16/03/22 11:00:00,A,PC_EU27_2020_MPPS_CP,NLPR_HW,FI,2013,110.2,
ESTAT:TESEM160(1.0),16/03/22 11:00:00,A,PC_EU27_2020_MPPS_CP,NLPR_HW,FI,2014,109.8,
ESTAT:TESEM160(1.0),16/03/22 11:00:00,A,PC_EU27_2020_MPPS_CP,NLPR_HW,FI,2015,109.7,
ESTAT:TESEM160(1.0),16/03/22 11:00:00,A,PC_EU27_2020_MPPS_CP,NLPR_HW,FI,2016,110.6,
ESTAT:TESEM160(1.0),16/03/22 11:00:00,A,PC_EU27_2020_MPPS_CP,NLPR_HW,FI,2017,111.8,
ESTAT:TESEM160(1.0),16/03/22 11:00:00,A,PC_EU27_2020_MPPS_CP,NLPR_HW,FI,2018,110.3,
ESTAT:TESEM160(1.0),16/03/22 11:00:00,A,PC_EU27_2020_MPPS_CP,NLPR_HW,FI,2019,108.0,
ESTAT:TESEM160(1.0),16/03/22 11:00:00,A,PC_EU27_2020_MPPS_CP,NLPR_HW,FI,2020,107.9,
ESTAT:TESEM160(1.0),16/03/22 11:00:00,A,PC_EU27_2020_MPPS_CP,NLPR_HW,FR,2005,132.3,
ESTAT:TESEM160(1.0),16/03/22 11:00:00,A,PC_EU27_2020_MPPS_CP,NLPR_HW,FR,2006,132.5,
ESTAT:TESEM160(1.0),16/03/22 11:00:00,A,PC_EU27_2020_MPPS_CP,NLPR_HW,FR,2007,130.2,
ESTAT:TESEM160(1.0),16/03/22 11:00:00,A,PC_EU27_2020_MPPS_CP,NLPR_HW,FR,2008,128.2,
ESTAT:TESEM160(1.0),16/03/22 11:00:00,A,PC_EU27_2020_MPPS_CP,NLPR_HW,FR,2009,128.0,
ESTAT:TESEM160(1.0),16/03/22 11:00:00,A,PC_EU27_2020_MPPS_CP,NLPR_HW,FR,2010,126.9,
ESTAT:TESEM160(1.0),16/03/22 11:00:00,A,PC_EU27_2020_MPPS_CP,NLPR_HW,FR,2011,125.6,
ESTAT:TESEM160(1.0),16/03/22 11:00:00,A,PC_EU27_2020_MPPS_CP,NLPR_HW,FR,2012,123.5,
ESTAT:TESEM160(1.0),16/03/22 11:00:00,A,PC_EU27_2020_MPPS_CP,NLPR_HW,FR,2013,125.6,
ESTAT:TESEM160(1.0),16/03/22 11:00:00,A,PC_EU27_2020_MPPS_CP,NLPR_HW,FR,2014,125.5,
ESTAT:TESEM160(1.0),16/03/22 11:00:00,A,PC_EU27_2020_MPPS_CP,NLPR_HW,FR,2015,124.8,
ESTAT:TESEM160(1.0),16/03/22 11:00:00,A,PC_EU27_2020_MPPS_CP,NLPR_HW,FR,2016,124.5,
ESTAT:TESEM160(1.0),16/03/22 11:00:00,A,PC_EU27_2020_MPPS_CP,NLPR_HW,FR,2017,124.2,
ESTAT:TESEM160(1.0),16/03/22 11:00:00,A,PC_EU27_2020_MPPS_CP,NLPR_HW,FR,2018,124.0,
ESTAT:TESEM160(1.0),16/03/22 11:00:00,A,PC_EU27_2020_MPPS_CP,NLPR_HW,FR,2019,126.0,p
ESTAT:TESEM160(1.0),16/03/22 11:00:00,A,PC_EU27_2020_MPPS_CP,NLPR_HW,FR,2020,126.5,p
ESTAT:TESEM160(1.0),16/03/22 11:00:00,A,PC_EU27_2020_MPPS_CP,NLPR_HW,HR,2005,59.3,p
ESTAT:TESEM160(1.0),16/03/22 11:00:00,A,PC_EU27_2020_MPPS_CP,NLPR_HW,HR,2006,61.2,p
ESTAT:TESEM160(1.0),16/03/22 11:00:00,A,PC_EU27_2020_MPPS_CP,NLPR_HW,HR,2007,62.8,p
ESTAT:TESEM160(1.0),16/03/22 11:00:00,A,PC_EU27_2020_MPPS_CP,NLPR_HW,HR,2008,63.4,p
ESTAT:TESEM160(1.0),16/03/22 11:00:00,A,PC_EU27_2020_MPPS_CP,NLPR_HW,HR,2009,60.7,p
ESTAT:TESEM160(1.0),16/03/22 11:00:00,A,PC_EU27_2020_MPPS_CP,NLPR_HW,HR,2010,59.4,p
ESTAT:TESEM160(1.0),16/03/22 11:00:00,A,PC_EU27_2020_MPPS_CP,NLPR_HW,HR,2011,62.1,p
ESTAT:TESEM160(1.0),16/03/22 11:00:00,A,PC_EU27_2020_MPPS_CP,NLPR_HW,HR,2012,64.1,p
ESTAT:TESEM160(1.0),16/03/22 11:00:00,A,PC_EU27_2020_MPPS_CP,NLPR_HW,HR,2013,65.5,p
ESTAT:TESEM160(1.0),16/03/22 11:00:00,A,PC_EU27_2020_MPPS_CP,NLPR_HW,HR,2014,63.5,p
ESTAT:TESEM160(1.0),16/03/22 11:00:00,A,PC_EU27_2020_MPPS_CP,NLPR_HW,HR,2015,65.6,p
ESTAT:TESEM160(1.0),16/03/22 11:00:00,A,PC_EU27_2020_MPPS_CP,NLPR_HW,HR,2016,66.8,p
ESTAT:TESEM160(1.0),16/03/22 11:00:00,A,PC_EU27_2020_MPPS_CP,NLPR_HW,HR,2017,67.0,p
ESTAT:TESEM160(1.0),16/03/22 11:00:00,A,PC_EU27_2020_MPPS_CP,NLPR_HW,HR,2018,67.0,p
ESTAT:TESEM160(1.0),16/03/22 11:00:00,A,PC_EU27_2020_MPPS_CP,NLPR_HW,HR,2019,65.8,p
ESTAT:TESEM160(1.0),16/03/22 11:00:00,A,PC_EU27_2020_MPPS_CP,NLPR_HW,HR,2020,60.2,p
ESTAT:TESEM160(1.0),16/03/22 11:00:00,A,PC_EU27_2020_MPPS_CP,NLPR_HW,HU,2005,63.2,
ESTAT:TESEM160(1.0),16/03/22 11:00:00,A,PC_EU27_2020_MPPS_CP,NLPR_HW,HU,2006,63.5,
ESTAT:TESEM160(1.0),16/03/22 11:00:00,A,PC_EU27_2020_MPPS_CP,NLPR_HW,HU,2007,64.4,
ESTAT:TESEM160(1.0),16/03/22 11:00:00,A,PC_EU27_2020_MPPS_CP,NLPR_HW,HU,2008,68.1,
ESTAT:TESEM160(1.0),16/03/22 11:00:00,A,PC_EU27_2020_MPPS_CP,NLPR_HW,HU,2009,69.6,
ESTAT:TESEM160(1.0),16/03/22 11:00:00,A,PC_EU27_2020_MPPS_CP,NLPR_HW,HU,2010,70.1,
ESTAT:TESEM160(1.0),16/03/22 11:00:00,A,PC_EU27_2020_MPPS_CP,NLPR_HW,HU,2011,71.3,
ESTAT:TESEM160(1.0),16/03/22 11:00:00,A,PC_EU27_2020_MPPS_CP,NLPR_HW,HU,2012,69.6,
ESTAT:TESEM160(1.0),16/03/22 11:00:00,A,PC_EU27_2020_MPPS_CP,NLPR_HW,HU,2013,69.4,
ESTAT:TESEM160(1.0),16/03/22 11:00:00,A,PC_EU27_2020_MPPS_CP,NLPR_HW,HU,2014,67.3,
ESTAT:TESEM160(1.0),16/03/22 11:00:00,A,PC_EU27_2020_MPPS_CP,NLPR_HW,HU,2015,67.0,
ESTAT:TESEM160(1.0),16/03/22 11:00:00,A,PC_EU27_2020_MPPS_CP,NLPR_HW,HU,2016,63.5,
ESTAT:TESEM160(1.0),16/03/22 11:00:00,A,PC_EU27_2020_MPPS_CP,NLPR_HW,HU,2017,63.4,
ESTAT:TESEM160(1.0),16/03/22 11:00:00,A,PC_EU27_2020_MPPS_CP,NLPR_HW,HU,2018,65.5,
ESTAT:TESEM160(1.0),16/03/22 11:00:00,A,PC_EU27_2020_MPPS_CP,NLPR_HW,HU,2019,66.6,
ESTAT:TESEM160(1.0),16/03/22 11:00:00,A,PC_EU27_2020_MPPS_CP,NLPR_HW,HU,2020,68.1,p
ESTAT:TESEM160(1.0),16/03/22 11:00:00,A,PC_EU27_2020_MPPS_CP,NLPR_HW,IE,2005,126.1,
ESTAT:TESEM160(1.0),16/03/22 11:00:00,A,PC_EU27_2020_MPPS_CP,NLPR_HW,IE,2006,126.8,
ESTAT:TESEM160(1.0),16/03/22 11:00:00,A,PC_EU27_2020_MPPS_CP,NLPR_HW,IE,2007,127.3,
ESTAT:TESEM160(1.0),16/03/22 11:00:00,A,PC_EU27_2020_MPPS_CP,NLPR_HW,IE,2008,119.9,
ESTAT:TESEM160(1.0),16/03/22 11:00:00,A,PC_EU27_2020_MPPS_CP,NLPR_HW,IE,2009,123.9,
ESTAT:TESEM160(1.0),16/03/22 11:00:00,A,PC_EU27_2020_MPPS_CP,NLPR_HW,IE,2010,136.7,b
ESTAT:TESEM160(1.0),16/03/22 11:00:00,A,PC_EU27_2020_MPPS_CP,NLPR_HW,IE,2011,138.6,
ESTAT:TESEM160(1.0),16/03/22 11:00:00,A,PC_EU27_2020_MPPS_CP,NLPR_HW,IE,2012,139.9,
ESTAT:TESEM160(1.0),16/03/22 11:00:00,A,PC_EU27_2020_MPPS_CP,NLPR_HW,IE,2013,134.4,
ESTAT:TESEM160(1.0),16/03/22 11:00:00,A,PC_EU27_2020_MPPS_CP,NLPR_HW,IE,2014,136.9,
ESTAT:TESEM160(1.0),16/03/22 11:00:00,A,PC_EU27_2020_MPPS_CP,NLPR_HW,IE,2015,174.5,
ESTAT:TESEM160(1.0),16/03/22 11:00:00,A,PC_EU27_2020_MPPS_CP,NLPR_HW,IE,2016,169.0,
ESTAT:TESEM160(1.0),16/03/22 11:00:00,A,PC_EU27_2020_MPPS_CP,NLPR_HW,IE,2017,171.9,
ESTAT:TESEM160(1.0),16/03/22 11:00:00,A,PC_EU27_2020_MPPS_CP,NLPR_HW,IE,2018,176.7,
ESTAT:TESEM160(1.0),16/03/22 11:00:00,A,PC_EU27_2020_MPPS_CP,NLPR_HW,IE,2019,176.7,
ESTAT:TESEM160(1.0),16/03/22 11:00:00,A,PC_EU27_2020_MPPS_CP,NLPR_HW,IE,2020,189.1,
ESTAT:TESEM160(1.0),16/03/22 11:00:00,A,PC_EU27_2020_MPPS_CP,NLPR_HW,IS,2008,113.1,p
ESTAT:TESEM160(1.0),16/03/22 11:00:00,A,PC_EU27_2020_MPPS_CP,NLPR_HW,IS,2009,123.5,p
ESTAT:TESEM160(1.0),16/03/22 11:00:00,A,PC_EU27_2020_MPPS_CP,NLPR_HW,IS,2010,114.5,p
ESTAT:TESEM160(1.0),16/03/22 11:00:00,A,PC_EU27_2020_MPPS_CP,NLPR_HW,IS,2011,111.0,p
ESTAT:TESEM160(1.0),16/03/22 11:00:00,A,PC_EU27_2020_MPPS_CP,NLPR_HW,IS,2012,110.3,p
ESTAT:TESEM160(1.0),16/03/22 11:00:00,A,PC_EU27_2020_MPPS_CP,NLPR_HW,IS,2013,110.0,p
ESTAT:TESEM160(1.0),16/03/22 11:00:00,A,PC_EU27_2020_MPPS_CP,NLPR_HW,IS,2014,110.9,p
ESTAT:TESEM160(1.0),16/03/22 11:00:00,A,PC_EU27_2020_MPPS_CP,NLPR_HW,IS,2015,114.0,p
ESTAT:TESEM160(1.0),16/03/22 11:00:00,A,PC_EU27_2020_MPPS_CP,NLPR_HW,IS,2016,114.1,p
ESTAT:TESEM160(1.0),16/03/22 11:00:00,A,PC_EU27_2020_MPPS_CP,NLPR_HW,IS,2017,112.8,p
ESTAT:TESEM160(1.0),16/03/22 11:00:00,A,PC_EU27_2020_MPPS_CP,NLPR_HW,IS,2018,112.6,p
ESTAT:TESEM160(1.0),16/03/22 11:00:00,A,PC_EU27_2020_MPPS_CP,NLPR_HW,IS,2019,115.7,p
ESTAT:TESEM160(1.0),16/03/22 11:00:00,A,PC_EU27_2020_MPPS_CP,NLPR_HW,IS,2020,111.4,p
ESTAT:TESEM160(1.0),16/03/22 11:00:00,A,PC_EU27_2020_MPPS_CP,NLPR_HW,IT,2005,109.0,
ESTAT:TESEM160(1.0),16/03/22 11:00:00,A,PC_EU27_2020_MPPS_CP,NLPR_HW,IT,2006,107.8,
ESTAT:TESEM160(1.0),16/03/22 11:00:00,A,PC_EU27_2020_MPPS_CP,NLPR_HW,IT,2007,107.2,
ESTAT:TESEM160(1.0),16/03/22 11:00:00,A,PC_EU27_2020_MPPS_CP,NLPR_HW,IT,2008,108.3,
ESTAT:TESEM160(1.0),16/03/22 11:00:00,A,PC_EU27_2020_MPPS_CP,NLPR_HW,IT,2009,108.2,
ESTAT:TESEM160(1.0),16/03/22 11:00:00,A,PC_EU27_2020_MPPS_CP,NLPR_HW,IT,2010,106.4,
ESTAT:TESEM160(1.0),16/03/22 11:00:00,A,PC_EU27_2020_MPPS_CP,NLPR_HW,IT,2011,105.9,
ESTAT:TESEM160(1.0),16/03/22 11:00:00,A,PC_EU27_2020_MPPS_CP,NLPR_HW,IT,2012,105.6,
ESTAT:TESEM160(1.0),16/03/22 11:00:00,A,PC_EU27_2020_MPPS_CP,NLPR_HW,IT,2013,104.4,
ESTAT:TESEM160(1.0),16/03/22 11:00:00,A,PC_EU27_2020_MPPS_CP,NLPR_HW,IT,2014,103.0,
ESTAT:TESEM160(1.0),16/03/22 11:00:00,A,PC_EU27_2020_MPPS_CP,NLPR_HW,IT,2015,101.7,
ESTAT:TESEM160(1.0),16/03/22 11:00:00,A,PC_EU27_2020_MPPS_CP,NLPR_HW,IT,2016,103.2,
ESTAT:TESEM160(1.0),16/03/22 11:00:00,A,PC_EU27_2020_MPPS_CP,NLPR_HW,IT,2017,101.9,
ESTAT:TESEM160(1.0),16/03/22 11:00:00,A,PC_EU27_2020_MPPS_CP,NLPR_HW,IT,2018,100.9,
ESTAT:TESEM160(1.0),16/03/22 11:00:00,A,PC_EU27_2020_MPPS_CP,NLPR_HW,IT,2019,100.4,
ESTAT:TESEM160(1.0),16/03/22 11:00:00,A,PC_EU27_2020_MPPS_CP,NLPR_HW,IT,2020,102.1,
ESTAT:TESEM160(1.0),16/03/22 11:00:00,A,PC_EU27_2020_MPPS_CP,NLPR_HW,LT,2005,49.1,
ESTAT:TESEM160(1.0),16/03/22 11:00:00,A,PC_EU27_2020_MPPS_CP,NLPR_HW,LT,2006,51.7,
ESTAT:TESEM160(1.0),16/03/22 11:00:00,A,PC_EU27_2020_MPPS_CP,NLPR_HW,LT,2007,54.5,
ESTAT:TESEM160(1.0),16/03/22 11:00:00,A,PC_EU27_2020_MPPS_CP,NLPR_HW,LT,2008,56.2,
ESTAT:TESEM160(1.0),16/03/22 11:00:00,A,PC_EU27_2020_MPPS_CP,NLPR_HW,LT,2009,53.8,
ESTAT:TESEM160(1.0),16/03/22 11:00:00,A,PC_EU27_2020_MPPS_CP,NLPR_HW,LT,2010,58.3,
ESTAT:TESEM160(1.0),16/03/22 11:00:00,A,PC_EU27_2020_MPPS_CP,NLPR_HW,LT,2011,62.5,
ESTAT:TESEM160(1.0),16/03/22 11:00:00,A,PC_EU27_2020_MPPS_CP,NLPR_HW,LT,2012,63.6,
ESTAT:TESEM160(1.0),16/03/22 11:00:00,A,PC_EU27_2020_MPPS_CP,NLPR_HW,LT,2013,64.9,
ESTAT:TESEM160(1.0),16/03/22 11:00:00,A,PC_EU27_2020_MPPS_CP,NLPR_HW,LT,2014,65.4,
ESTAT:TESEM160(1.0),16/03/22 11:00:00,A,PC_EU27_2020_MPPS_CP,NLPR_HW,LT,2015,63.0,
ESTAT:TESEM160(1.0),16/03/22 11:00:00,A,PC_EU27_2020_MPPS_CP,NLPR_HW,LT,2016,61.5,
ESTAT:TESEM160(1.0),16/03/22 11:00:00,A,PC_EU27_2020_MPPS_CP,NLPR_HW,LT,2017,65.4,
ESTAT:TESEM160(1.0),16/03/22 11:00:00,A,PC_EU27_2020_MPPS_CP,NLPR_HW,LT,2018,66.3,
ESTAT:TESEM160(1.0),16/03/22 11:00:00,A,PC_EU27_2020_MPPS_CP,NLPR_HW,LT,2019,67.9,
ESTAT:TESEM160(1.0),16/03/22 11:00:00,A,PC_EU27_2020_MPPS_CP,NLPR_HW,LT,2020,69.9,
ESTAT:TESEM160(1.0),16/03/22 11:00:00,A,PC_EU27_2020_MPPS_CP,NLPR_HW,LU,2005,183.9,
ESTAT:TESEM160(1.0),16/03/22 11:00:00,A,PC_EU27_2020_MPPS_CP,NLPR_HW,LU,2006,192.7,
ESTAT:TESEM160(1.0),16/03/22 11:00:00,A,PC_EU27_2020_MPPS_CP,NLPR_HW,LU,2007,191.7,
ESTAT:TESEM160(1.0),16/03/22 11:00:00,A,PC_EU27_2020_MPPS_CP,NLPR_HW,LU,2008,191.3,
ESTAT:TESEM160(1.0),16/03/22 11:00:00,A,PC_EU27_2020_MPPS_CP,NLPR_HW,LU,2009,189.3,
ESTAT:TESEM160(1.0),16/03/22 11:00:00,A,PC_EU27_2020_MPPS_CP,NLPR_HW,LU,2010,188.5,
ESTAT:TESEM160(1.0),16/03/22 11:00:00,A,PC_EU27_2020_MPPS_CP,NLPR_HW,LU,2011,187.2,
ESTAT:TESEM160(1.0),16/03/22 11:00:00,A,PC_EU27_2020_MPPS_CP,NLPR_HW,LU,2012,186.9,
ESTAT:TESEM160(1.0),16/03/22 11:00:00,A,PC_EU27_2020_MPPS_CP,NLPR_HW,LU,2013,188.6,
ESTAT:TESEM160(1.0),16/03/22 11:00:00,A,PC_EU27_2020_MPPS_CP,NLPR_HW,LU,2014,191.8,
ESTAT:TESEM160(1.0),16/03/22 11:00:00,A,PC_EU27_2020_MPPS_CP,NLPR_HW,LU,2015,190.7,
ESTAT:TESEM160(1.0),16/03/22 11:00:00,A,PC_EU27_2020_MPPS_CP,NLPR_HW,LU,2016,189.9,
ESTAT:TESEM160(1.0),16/03/22 11:00:00,A,PC_EU27_2020_MPPS_CP,NLPR_HW,LU,2017,184.1,
ESTAT:TESEM160(1.0),16/03/22 11:00:00,A,PC_EU27_2020_MPPS_CP,NLPR_HW,LU,2018,178.0,
ESTAT:TESEM160(1.0),16/03/22 11:00:00,A,PC_EU27_2020_MPPS_CP,NLPR_HW,LU,2019,172.1,
ESTAT:TESEM160(1.0),16/03/22 11:00:00,A,PC_EU27_2020_MPPS_CP,NLPR_HW,LU,2020,175.9,
ESTAT:TESEM160(1.0),16/03/22 11:00:00,A,PC_EU27_2020_MPPS_CP,NLPR_HW,LV,2005,42.3,
ESTAT:TESEM160(1.0),16/03/22 11:00:00,A,PC_EU27_2020_MPPS_CP,NLPR_HW,LV,2006,42.5,
ESTAT:TESEM160(1.0),16/03/22 11:00:00,A,PC_EU27_2020_MPPS_CP,NLPR_HW,LV,2007,45.5,
ESTAT:TESEM160(1.0),16/03/22 11:00:00,A,PC_EU27_2020_MPPS_CP,NLPR_HW,LV,2008,47.9,
ESTAT:TESEM160(1.0),16/03/22 11:00:00,A,PC_EU27_2020_MPPS_CP,NLPR_HW,LV,2009,48.4,
ESTAT:TESEM160(1.0),16/03/22 11:00:00,A,PC_EU27_2020_MPPS_CP,NLPR_HW,LV,2010,51.1,
ESTAT:TESEM160(1.0),16/03/22 11:00:00,A,PC_EU27_2020_MPPS_CP,NLPR_HW,LV,2011,50.9,
ESTAT:TESEM160(1.0),16/03/22 11:00:00,A,PC_EU27_2020_MPPS_CP,NLPR_HW,LV,2012,53.8,
ESTAT:TESEM160(1.0),16/03/22 11:00:00,A,PC_EU27_2020_MPPS_CP,NLPR_HW,LV,2013,53.1,
ESTAT:TESEM160(1.0),16/03/22 11:00:00,A,PC_EU27_2020_MPPS_CP,NLPR_HW,LV,2014,54.7,
ESTAT:TESEM160(1.0),16/03/22 11:00:00,A,PC_EU27_2020_MPPS_CP,NLPR_HW,LV,2015,55.8,
ESTAT:TESEM160(1.0),16/03/22 11:00:00,A,PC_EU27_2020_MPPS_CP,NLPR_HW,LV,2016,56.6,
ESTAT:TESEM160(1.0),16/03/22 11:00:00,A,PC_EU27_2020_MPPS_CP,NLPR_HW,LV,2017,58.3,
ESTAT:TESEM160(1.0),16/03/22 11:00:00,A,PC_EU27_2020_MPPS_CP,NLPR_HW,LV,2018,59.0,
ESTAT:TESEM160(1.0),16/03/22 11:00:00,A,PC_EU27_2020_MPPS_CP,NLPR_HW,LV,2019,60.2,
ESTAT:TESEM160(1.0),16/03/22 11:00:00,A,PC_EU27_2020_MPPS_CP,NLPR_HW,LV,2020,59.9,
ESTAT:TESEM160(1.0),16/03/22 11:00:00,A,PC_EU27_2020_MPPS_CP,NLPR_HW,MT,2005,76.1,
ESTAT:TESEM160(1.0),16/03/22 11:00:00,A,PC_EU27_2020_MPPS_CP,NLPR_HW,MT,2006,73.2,
ESTAT:TESEM160(1.0),16/03/22 11:00:00,A,PC_EU27_2020_MPPS_CP,NLPR_HW,MT,2007,74.0,
ESTAT:TESEM160(1.0),16/03/22 11:00:00,A,PC_EU27_2020_MPPS_CP,NLPR_HW,MT,2008,73.4,
ESTAT:TESEM160(1.0),16/03/22 11:00:00,A,PC_EU27_2020_MPPS_CP,NLPR_HW,MT,2009,73.0,
ESTAT:TESEM160(1.0),16/03/22 11:00:00,A,PC_EU27_2020_MPPS_CP,NLPR_HW,MT,2010,76.5,
ESTAT:TESEM160(1.0),16/03/22 11:00:00,A,PC_EU27_2020_MPPS_CP,NLPR_HW,MT,2011,74.2,
ESTAT:TESEM160(1.0),16/03/22 11:00:00,A,PC_EU27_2020_MPPS_CP,NLPR_HW,MT,2012,75.1,
ESTAT:TESEM160(1.0),16/03/22 11:00:00,A,PC_EU27_2020_MPPS_CP,NLPR_HW,MT,2013,75.7,
ESTAT:TESEM160(1.0),16/03/22 11:00:00,A,PC_EU27_2020_MPPS_CP,NLPR_HW,MT,2014,78.1,
ESTAT:TESEM160(1.0),16/03/22 11:00:00,A,PC_EU27_2020_MPPS_CP,NLPR_HW,MT,2015,82.6,
ESTAT:TESEM160(1.0),16/03/22 11:00:00,A,PC_EU27_2020_MPPS_CP,NLPR_HW,MT,2016,78.6,
ESTAT:TESEM160(1.0),16/03/22 11:00:00,A,PC_EU27_2020_MPPS_CP,NLPR_HW,MT,2017,81.6,
ESTAT:TESEM160(1.0),16/03/22 11:00:00,A,PC_EU27_2020_MPPS_CP,NLPR_HW,MT,2018,79.4,
ESTAT:TESEM160(1.0),16/03/22 11:00:00,A,PC_EU27_2020_MPPS_CP,NLPR_HW,MT,2019,75.9,
ESTAT:TESEM160(1.0),16/03/22 11:00:00,A,PC_EU27_2020_MPPS_CP,NLPR_HW,MT,2020,71.7,
ESTAT:TESEM160(1.0),16/03/22 11:00:00,A,PC_EU27_2020_MPPS_CP,NLPR_HW,NL,2005,142.2,
ESTAT:TESEM160(1.0),16/03/22 11:00:00,A,PC_EU27_2020_MPPS_CP,NLPR_HW,NL,2006,142.3,
ESTAT:TESEM160(1.0),16/03/22 11:00:00,A,PC_EU27_2020_MPPS_CP,NLPR_HW,NL,2007,141.9,
ESTAT:TESEM160(1.0),16/03/22 11:00:00,A,PC_EU27_2020_MPPS_CP,NLPR_HW,NL,2008,142.3,
ESTAT:TESEM160(1.0),16/03/22 11:00:00,A,PC_EU27_2020_MPPS_CP,NLPR_HW,NL,2009,137.5,
ESTAT:TESEM160(1.0),16/03/22 11:00:00,A,PC_EU27_2020_MPPS_CP,NLPR_HW,NL,2010,134.9,
ESTAT:TESEM160(1.0),16/03/22 11:00:00,A,PC_EU27_2020_MPPS_CP,NLPR_HW,NL,2011,132.8,
ESTAT:TESEM160(1.0),16/03/22 11:00:00,A,PC_EU27_2020_MPPS_CP,NLPR_HW,NL,2012,132.7,
ESTAT:TESEM160(1.0),16/03/22 11:00:00,A,PC_EU27_2020_MPPS_CP,NLPR_HW,NL,2013,133.8,
ESTAT:TESEM160(1.0),16/03/22 11:00:00,A,PC_EU27_2020_MPPS_CP,NLPR_HW,NL,2014,130.6,
ESTAT:TESEM160(1.0),16/03/22 11:00:00,A,PC_EU27_2020_MPPS_CP,NLPR_HW,NL,2015,129.6,
ESTAT:TESEM160(1.0),16/03/22 11:00:00,A,PC_EU27_2020_MPPS_CP,NLPR_HW,NL,2016,126.3,
ESTAT:TESEM160(1.0),16/03/22 11:00:00,A,PC_EU27_2020_MPPS_CP,NLPR_HW,NL,2017,125.5,
ESTAT:TESEM160(1.0),16/03/22 11:00:00,A,PC_EU27_2020_MPPS_CP,NLPR_HW,NL,2018,124.8,
ESTAT:TESEM160(1.0),16/03/22 11:00:00,A,PC_EU27_2020_MPPS_CP,NLPR_HW,NL,2019,122.5,p
ESTAT:TESEM160(1.0),16/03/22 11:00:00,A,PC_EU27_2020_MPPS_CP,NLPR_HW,NL,2020,122.2,p
ESTAT:TESEM160(1.0),16/03/22 11:00:00,A,PC_EU27_2020_MPPS_CP,NLPR_HW,NO,2005,184.7,
ESTAT:TESEM160(1.0),16/03/22 11:00:00,A,PC_EU27_2020_MPPS_CP,NLPR_HW,NO,2006,191.1,
ESTAT:TESEM160(1.0),16/03/22 11:00:00,A,PC_EU27_2020_MPPS_CP,NLPR_HW,NO,2007,181.8,
ESTAT:TESEM160(1.0),16/03/22 11:00:00,A,PC_EU27_2020_MPPS_CP,NLPR_HW,NO,2008,188.5,
ESTAT:TESEM160(1.0),16/03/22 11:00:00,A,PC_EU27_2020_MPPS_CP,NLPR_HW,NO,2009,172.1,
ESTAT:TESEM160(1.0),16/03/22 11:00:00,A,PC_EU27_2020_MPPS_CP,NLPR_HW,NO,2010,174.4,
ESTAT:TESEM160(1.0),16/03/22 11:00:00,A,PC_EU27_2020_MPPS_CP,NLPR_HW,NO,2011,177.8,
ESTAT:TESEM160(1.0),16/03/22 11:00:00,A,PC_EU27_2020_MPPS_CP,NLPR_HW,NO,2012,181.1,
ESTAT:TESEM160(1.0),16/03/22 11:00:00,A,PC_EU27_2020_MPPS_CP,NLPR_HW,NO,2013,178.9,
ESTAT:TESEM160(1.0),16/03/22 11:00:00,A,PC_EU27_2020_MPPS_CP,NLPR_HW,NO,2014,172.3,
ESTAT:TESEM160(1.0),16/03/22 11:00:00,A,PC_EU27_2020_MPPS_CP,NLPR_HW,NO,2015,154.8,
ESTAT:TESEM160(1.0),16/03/22 11:00:00,A,PC_EU27_2020_MPPS_CP,NLPR_HW,NO,2016,144.8,
ESTAT:TESEM160(1.0),16/03/22 11:00:00,A,PC_EU27_2020_MPPS_CP,NLPR_HW,NO,2017,151.6,
ESTAT:TESEM160(1.0),16/03/22 11:00:00,A,PC_EU27_2020_MPPS_CP,NLPR_HW,NO,2018,158.4,
ESTAT:TESEM160(1.0),16/03/22 11:00:00,A,PC_EU27_2020_MPPS_CP,NLPR_HW,NO,2019,146.7,
ESTAT:TESEM160(1.0),16/03/22 11:00:00,A,PC_EU27_2020_MPPS_CP,NLPR_HW,NO,2020,135.8,
ESTAT:TESEM160(1.0),16/03/22 11:00:00,A,PC_EU27_2020_MPPS_CP,NLPR_HW,PL,2005,50.3,
ESTAT:TESEM160(1.0),16/03/22 11:00:00,A,PC_EU27_2020_MPPS_CP,NLPR_HW,PL,2006,49.5,
ESTAT:TESEM160(1.0),16/03/22 11:00:00,A,PC_EU27_2020_MPPS_CP,NLPR_HW,PL,2007,50.3,
ESTAT:TESEM160(1.0),16/03/22 11:00:00,A,PC_EU27_2020_MPPS_CP,NLPR_HW,PL,2008,50.9,
ESTAT:TESEM160(1.0),16/03/22 11:00:00,A,PC_EU27_2020_MPPS_CP,NLPR_HW,PL,2009,53.0,
ESTAT:TESEM160(1.0),16/03/22 11:00:00,A,PC_EU27_2020_MPPS_CP,NLPR_HW,PL,2010,57.2,b
ESTAT:TESEM160(1.0),16/03/22 11:00:00,A,PC_EU27_2020_MPPS_CP,NLPR_HW,PL,2011,59.1,
ESTAT:TESEM160(1.0),16/03/22 11:00:00,A,PC_EU27_2020_MPPS_CP,NLPR_HW,PL,2012,59.8,
ESTAT:TESEM160(1.0),16/03/22 11:00:00,A,PC_EU27_2020_MPPS_CP,NLPR_HW,PL,2013,59.3,
ESTAT:TESEM160(1.0),16/03/22 11:00:00,A,PC_EU27_2020_MPPS_CP,NLPR_HW,PL,2014,59.0,
ESTAT:TESEM160(1.0),16/03/22 11:00:00,A,PC_EU27_2020_MPPS_CP,NLPR_HW,PL,2015,59.6,
ESTAT:TESEM160(1.0),16/03/22 11:00:00,A,PC_EU27_2020_MPPS_CP,NLPR_HW,PL,2016,59.4,
ESTAT:TESEM160(1.0),16/03/22 11:00:00,A,PC_EU27_2020_MPPS_CP,NLPR_HW,PL,2017,60.3,
ESTAT:TESEM160(1.0),16/03/22 11:00:00,A,PC_EU27_2020_MPPS_CP,NLPR_HW,PL,2018,62.5,
ESTAT:TESEM160(1.0),16/03/22 11:00:00,A,PC_EU27_2020_MPPS_CP,NLPR_HW,PL,2019,64.7,
ESTAT:TESEM160(1.0),16/03/22 11:00:00,A,PC_EU27_2020_MPPS_CP,NLPR_HW,PL,2020,63.6,p
ESTAT:TESEM160(1.0),16/03/22 11:00:00,A,PC_EU27_2020_MPPS_CP,NLPR_HW,PT,2005,69.1,
ESTAT:TESEM160(1.0),16/03/22 11:00:00,A,PC_EU27_2020_MPPS_CP,NLPR_HW,PT,2006,70.4,
ESTAT:TESEM160(1.0),16/03/22 11:00:00,A,PC_EU27_2020_MPPS_CP,NLPR_HW,PT,2007,69.6,
ESTAT:TESEM160(1.0),16/03/22 11:00:00,A,PC_EU27_2020_MPPS_CP,NLPR_HW,PT,2008,69.6,
ESTAT:TESEM160(1.0),16/03/22 11:00:00,A,PC_EU27_2020_MPPS_CP,NLPR_HW,PT,2009,70.1,
ESTAT:TESEM160(1.0),16/03/22 11:00:00,A,PC_EU27_2020_MPPS_CP,NLPR_HW,PT,2010,70.2,
ESTAT:TESEM160(1.0),16/03/22 11:00:00,A,PC_EU27_2020_MPPS_CP,NLPR_HW,PT,2011,67.9,
ESTAT:TESEM160(1.0),16/03/22 11:00:00,A,PC_EU27_2020_MPPS_CP,NLPR_HW,PT,2012,68.4,
ESTAT:TESEM160(1.0),16/03/22 11:00:00,A,PC_EU27_2020_MPPS_CP,NLPR_HW,PT,2013,70.4,
ESTAT:TESEM160(1.0),16/03/22 11:00:00,A,PC_EU27_2020_MPPS_CP,NLPR_HW,PT,2014,69.3,
ESTAT:TESEM160(1.0),16/03/22 11:00:00,A,PC_EU27_2020_MPPS_CP,NLPR_HW,PT,2015,68.3,
ESTAT:TESEM160(1.0),16/03/22 11:00:00,A,PC_EU27_2020_MPPS_CP,NLPR_HW,PT,2016,67.9,
ESTAT:TESEM160(1.0),16/03/22 11:00:00,A,PC_EU27_2020_MPPS_CP,NLPR_HW,PT,2017,66.2,
ESTAT:TESEM160(1.0),16/03/22 11:00:00,A,PC_EU27_2020_MPPS_CP,NLPR_HW,PT,2018,65.6,
ESTAT:TESEM160(1.0),16/03/22 11:00:00,A,PC_EU27_2020_MPPS_CP,NLPR_HW,PT,2019,65.6,
ESTAT:TESEM160(1.0),16/03/22 11:00:00,A,PC_EU27_2020_MPPS_CP,NLPR_HW,PT,2020,65.8,p
ESTAT:TESEM160(1.0),16/03/22 11:00:00,A,PC_EU27_2020_MPPS_CP,NLPR_HW,RO,2005,33.0,
ESTAT:TESEM160(1.0),16/03/22 11:00:00,A,PC_EU27_2020_MPPS_CP,NLPR_HW,RO,2006,36.9,
ESTAT:TESEM160(1.0),16/03/22 11:00:00,A,PC_EU27_2020_MPPS_CP,NLPR_HW,RO,2007,40.5,
ESTAT:TESEM160(1.0),16/03/22 11:00:00,A,PC_EU27_2020_MPPS_CP,NLPR_HW,RO,2008,47.7,
ESTAT:TESEM160(1.0),16/03/22 11:00:00,A,PC_EU27_2020_MPPS_CP,NLPR_HW,RO,2009,48.5,
ESTAT:TESEM160(1.0),16/03/22 11:00:00,A,PC_EU27_2020_MPPS_CP,NLPR_HW,RO,2010,48.1,
ESTAT:TESEM160(1.0),16/03/22 11:00:00,A,PC_EU27_2020_MPPS_CP,NLPR_HW,RO,2011,49.1,
ESTAT:TESEM160(1.0),16/03/22 11:00:00,A,PC_EU27_2020_MPPS_CP,NLPR_HW,RO,2012,50.5,
ESTAT:TESEM160(1.0),16/03/22 11:00:00,A,PC_EU27_2020_MPPS_CP,NLPR_HW,RO,2013,51.0,
ESTAT:TESEM160(1.0),16/03/22 11:00:00,A,PC_EU27_2020_MPPS_CP,NLPR_HW,RO,2014,52.0,
ESTAT:TESEM160(1.0),16/03/22 11:00:00,A,PC_EU27_2020_MPPS_CP,NLPR_HW,RO,2015,53.7,
ESTAT:TESEM160(1.0),16/03/22 11:00:00,A,PC_EU27_2020_MPPS_CP,NLPR_HW,RO,2016,57.2,
ESTAT:TESEM160(1.0),16/03/22 11:00:00,A,PC_EU27_2020_MPPS_CP,NLPR_HW,RO,2017,60.4,
ESTAT:TESEM160(1.0),16/03/22 11:00:00,A,PC_EU27_2020_MPPS_CP,NLPR_HW,RO,2018,62.6,
ESTAT:TESEM160(1.0),16/03/22 11:00:00,A,PC_EU27_2020_MPPS_CP,NLPR_HW,RO,2019,65.4,
ESTAT:TESEM160(1.0),16/03/22 11:00:00,A,PC_EU27_2020_MPPS_CP,NLPR_HW,RO,2020,64.2,p
ESTAT:TESEM160(1.0),16/03/22 11:00:00,A,PC_EU27_2020_MPPS_CP,NLPR_HW,RS,2008,,c
ESTAT:TESEM160(1.0),16/03/22 11:00:00,A,PC_EU27_2020_MPPS_CP,NLPR_HW,RS,2009,,c
ESTAT:TESEM160(1.0),16/03/22 11:00:00,A,PC_EU27_2020_MPPS_CP,NLPR_HW,RS,2010,,c
ESTAT:TESEM160(1.0),16/03/22 11:00:00,A,PC_EU27_2020_MPPS_CP,NLPR_HW,RS,2011,,c
ESTAT:TESEM160(1.0),16/03/22 11:00:00,A,PC_EU27_2020_MPPS_CP,NLPR_HW,RS,2012,,c
ESTAT:TESEM160(1.0),16/03/22 11:00:00,A,PC_EU27_2020_MPPS_CP,NLPR_HW,RS,2013,,c
ESTAT:TESEM160(1.0),16/03/22 11:00:00,A,PC_EU27_2020_MPPS_CP,NLPR_HW,RS,2014,,c
ESTAT:TESEM160(1.0),16/03/22 11:00:00,A,PC_EU27_2020_MPPS_CP,NLPR_HW,RS,2015,,c
ESTAT:TESEM160(1.0),16/03/22 11:00:00,A,PC_EU27_2020_MPPS_CP,NLPR_HW,RS,2016,,c
ESTAT:TESEM160(1.0),16/03/22 11:00:00,A,PC_EU27_2020_MPPS_CP,NLPR_HW,RS,2017,,c
ESTAT:TESEM160(1.0),16/03/22 11:00:00,A,PC_EU27_2020_MPPS_CP,NLPR_HW,RS,2018,,c
ESTAT:TESEM160(1.0),16/03/22 11:00:00,A,PC_EU27_2020_MPPS_CP,NLPR_HW,RS,2019,,c
ESTAT:TESEM160(1.0),16/03/22 11:00:00,A,PC_EU27_2020_MPPS_CP,NLPR_HW,RS,2020,,c
ESTAT:TESEM160(1.0),16/03/22 11:00:00,A,PC_EU27_2020_MPPS_CP,NLPR_HW,SE,2005,122.8,
ESTAT:TESEM160(1.0),16/03/22 11:00:00,A,PC_EU27_2020_MPPS_CP,NLPR_HW,SE,2006,125.0,
ESTAT:TESEM160(1.0),16/03/22 11:00:00,A,PC_EU27_2020_MPPS_CP,NLPR_HW,SE,2007,126.4,
ESTAT:TESEM160(1.0),16/03/22 11:00:00,A,PC_EU27_2020_MPPS_CP,NLPR_HW,SE,2008,124.5,
ESTAT:TESEM160(1.0),16/03/22 11:00:00,A,PC_EU27_2020_MPPS_CP,NLPR_HW,SE,2009,121.9,
ESTAT:TESEM160(1.0),16/03/22 11:00:00,A,PC_EU27_2020_MPPS_CP,NLPR_HW,SE,2010,120.8,
ESTAT:TESEM160(1.0),16/03/22 11:00:00,A,PC_EU27_2020_MPPS_CP,NLPR_HW,SE,2011,120.1,
ESTAT:TESEM160(1.0),16/03/22 11:00:00,A,PC_EU27_2020_MPPS_CP,NLPR_HW,SE,2012,119.9,
ESTAT:TESEM160(1.0),16/03/22 11:00:00,A,PC_EU27_2020_MPPS_CP,NLPR_HW,SE,2013,117.5,
ESTAT:TESEM160(1.0),16/03/22 11:00:00,A,PC_EU27_2020_MPPS_CP,NLPR_HW,SE,2014,116.7,
ESTAT:TESEM160(1.0),16/03/22 11:00:00,A,PC_EU27_2020_MPPS_CP,NLPR_HW,SE,2015,118.0,
ESTAT:TESEM160(1.0),16/03/22 11:00:00,A,PC_EU27_2020_MPPS_CP,NLPR_HW,SE,2016,114.1,
ESTAT:TESEM160(1.0),16/03/22 11:00:00,A,PC_EU27_2020_MPPS_CP,NLPR_HW,SE,2017,112.4,
ESTAT:TESEM160(1.0),16/03/22 11:00:00,A,PC_EU27_2020_MPPS_CP,NLPR_HW,SE,2018,111.6,
ESTAT:TESEM160(1.0),16/03/22 11:00:00,A,PC_EU27_2020_MPPS_CP,NLPR_HW,SE,2019,112.5,
ESTAT:TESEM160(1.0),16/03/22 11:00:00,A,PC_EU27_2020_MPPS_CP,NLPR_HW,SE,2020,113.5,
ESTAT:TESEM160(1.0),16/03/22 11:00:00,A,PC_EU27_2020_MPPS_CP,NLPR_HW,SI,2005,83.8,
ESTAT:TESEM160(1.0),16/03/22 11:00:00,A,PC_EU27_2020_MPPS_CP,NLPR_HW,SI,2006,84.8,
ESTAT:TESEM160(1.0),16/03/22 11:00:00,A,PC_EU27_2020_MPPS_CP,NLPR_HW,SI,2007,85.1,
ESTAT:TESEM160(1.0),16/03/22 11:00:00,A,PC_EU27_2020_MPPS_CP,NLPR_HW,SI,2008,84.9,
ESTAT:TESEM160(1.0),16/03/22 11:00:00,A,PC_EU27_2020_MPPS_CP,NLPR_HW,SI,2009,79.6,
ESTAT:TESEM160(1.0),16/03/22 11:00:00,A,PC_EU27_2020_MPPS_CP,NLPR_HW,SI,2010,79.1,
ESTAT:TESEM160(1.0),16/03/22 11:00:00,A,PC_EU27_2020_MPPS_CP,NLPR_HW,SI,2011,80.9,
ESTAT:TESEM160(1.0),16/03/22 11:00:00,A,PC_EU27_2020_MPPS_CP,NLPR_HW,SI,2012,80.9,
ESTAT:TESEM160(1.0),16/03/22 11:00:00,A,PC_EU27_2020_MPPS_CP,NLPR_HW,SI,2013,80.0,
ESTAT:TESEM160(1.0),16/03/22 11:00:00,A,PC_EU27_2020_MPPS_CP,NLPR_HW,SI,2014,79.5,
ESTAT:TESEM160(1.0),16/03/22 11:00:00,A,PC_EU27_2020_MPPS_CP,NLPR_HW,SI,2015,78.3,
ESTAT:TESEM160(1.0),16/03/22 11:00:00,A,PC_EU27_2020_MPPS_CP,NLPR_HW,SI,2016,80.5,
ESTAT:TESEM160(1.0),16/03/22 11:00:00,A,PC_EU27_2020_MPPS_CP,NLPR_HW,SI,2017,82.3,
ESTAT:TESEM160(1.0),16/03/22 11:00:00,A,PC_EU27_2020_MPPS_CP,NLPR_HW,SI,2018,83.8,
ESTAT:TESEM160(1.0),16/03/22 11:00:00,A,PC_EU27_2020_MPPS_CP,NLPR_HW,SI,2019,83.8,
ESTAT:TESEM160(1.0),16/03/22 11:00:00,A,PC_EU27_2020_MPPS_CP,NLPR_HW,SI,2020,83.1,
ESTAT:TESEM160(1.0),16/03/22 11:00:00,A,PC_EU27_2020_MPPS_CP,NLPR_HW,SK,2005,67.0,
ESTAT:TESEM160(1.0),16/03/22 11:00:00,A,PC_EU27_2020_MPPS_CP,NLPR_HW,SK,2006,69.5,
ESTAT:TESEM160(1.0),16/03/22 11:00:00,A,PC_EU27_2020_MPPS_CP,NLPR_HW,SK,2007,72.3,
ESTAT:TESEM160(1.0),16/03/22 11:00:00,A,PC_EU27_2020_MPPS_CP,NLPR_HW,SK,2008,75.2,
ESTAT:TESEM160(1.0),16/03/22 11:00:00,A,PC_EU27_2020_MPPS_CP,NLPR_HW,SK,2009,74.3,
ESTAT:TESEM160(1.0),16/03/22 11:00:00,A,PC_EU27_2020_MPPS_CP,NLPR_HW,SK,2010,78.3,
ESTAT:TESEM160(1.0),16/03/22 11:00:00,A,PC_EU27_2020_MPPS_CP,NLPR_HW,SK,2011,76.5,
ESTAT:TESEM160(1.0),16/03/22 11:00:00,A,PC_EU27_2020_MPPS_CP,NLPR_HW,SK,2012,76.8,
ESTAT:TESEM160(1.0),16/03/22 11:00:00,A,PC_EU27_2020_MPPS_CP,NLPR_HW,SK,2013,77.7,
ESTAT:TESEM160(1.0),16/03/22 11:00:00,A,PC_EU27_2020_MPPS_CP,NLPR_HW,SK,2014,78.4,
ESTAT:TESEM160(1.0),16/03/22 11:00:00,A,PC_EU27_2020_MPPS_CP,NLPR_HW,SK,2015,78.1,
ESTAT:TESEM160(1.0),16/03/22 11:00:00,A,PC_EU27_2020_MPPS_CP,NLPR_HW,SK,2016,72.7,
ESTAT:TESEM160(1.0),16/03/22 11:00:00,A,PC_EU27_2020_MPPS_CP,NLPR_HW,SK,2017,70.4,
ESTAT:TESEM160(1.0),16/03/22 11:00:00,A,PC_EU27_2020_MPPS_CP,NLPR_HW,SK,2018,69.8,
ESTAT:TESEM160(1.0),16/03/22 11:00:00,A,PC_EU27_2020_MPPS_CP,NLPR_HW,SK,2019,69.6,
ESTAT:TESEM160(1.0),16/03/22 11:00:00,A,PC_EU27_2020_MPPS_CP,NLPR_HW,SK,2020,72.0,
