"LOCATION","INDICATOR","SUBJECT","MEASURE","FREQUENCY","TIME","Value","Flag Codes"
"AUT","HUR","TOT","PC_LF","Q","2000-Q1",4.233333,
"AUT","HUR","TOT","PC_LF","Q","2000-Q2",3.7,
"AUT","HUR","TOT","PC_LF","Q","2000-Q3",3.833333,
"AUT","HUR","TOT","PC_LF","Q","2000-Q4",3.766667,
"AUT","HUR","TOT","PC_LF","Q","2001-Q1",3.633333,
"AUT","HUR","TOT","PC_LF","Q","2001-Q2",4,
"AUT","HUR","TOT","PC_LF","Q","2001-Q3",4.1,
"AUT","HUR","TOT","PC_LF","Q","2001-Q4",4.3,
"AUT","HUR","TOT","PC_LF","Q","2002-Q1",4.5,
"AUT","HUR","TOT","PC_LF","Q","2002-Q2",4.233333,
"AUT","HUR","TOT","PC_LF","Q","2002-Q3",4.4,
"AUT","HUR","TOT","PC_LF","Q","2002-Q4",4.433333,
"AUT","HUR","TOT","PC_LF","Q","2003-Q1",4.533333,
"AUT","HUR","TOT","PC_LF","Q","2003-Q2",4.8,
"AUT","HUR","TOT","PC_LF","Q","2003-Q3",4.8,
"AUT","HUR","TOT","PC_LF","Q","2003-Q4",5.033333,"B"
"AUT","HUR","TOT","PC_LF","Q","2004-Q1",5.966667,
"AUT","HUR","TOT","PC_LF","Q","2004-Q2",5.8,
"AUT","HUR","TOT","PC_LF","Q","2004-Q3",5.8,
"AUT","HUR","TOT","PC_LF","Q","2004-Q4",5.933333,
"AUT","HUR","TOT","PC_LF","Q","2005-Q1",5.8,
"AUT","HUR","TOT","PC_LF","Q","2005-Q2",6.133333,
"AUT","HUR","TOT","PC_LF","Q","2005-Q3",6.033333,
"AUT","HUR","TOT","PC_LF","Q","2005-Q4",6.133333,
"AUT","HUR","TOT","PC_LF","Q","2006-Q1",6.1,
"AUT","HUR","TOT","PC_LF","Q","2006-Q2",5.666667,
"AUT","HUR","TOT","PC_LF","Q","2006-Q3",5.266667,
"AUT","HUR","TOT","PC_LF","Q","2006-Q4",5.333333,
"AUT","HUR","TOT","PC_LF","Q","2007-Q1",5.266667,
"AUT","HUR","TOT","PC_LF","Q","2007-Q2",5.5,
"AUT","HUR","TOT","PC_LF","Q","2007-Q3",5.266667,
"AUT","HUR","TOT","PC_LF","Q","2007-Q4",4.833333,
"AUT","HUR","TOT","PC_LF","Q","2008-Q1",4.533333,
"AUT","HUR","TOT","PC_LF","Q","2008-Q2",4.066667,
"AUT","HUR","TOT","PC_LF","Q","2008-Q3",4.366667,
"AUT","HUR","TOT","PC_LF","Q","2008-Q4",4.733333,
"AUT","HUR","TOT","PC_LF","Q","2009-Q1",5.066667,
"AUT","HUR","TOT","PC_LF","Q","2009-Q2",5.7,
"AUT","HUR","TOT","PC_LF","Q","2009-Q3",6.133333,
"AUT","HUR","TOT","PC_LF","Q","2009-Q4",5.833333,
"AUT","HUR","TOT","PC_LF","Q","2010-Q1",5.366667,
"AUT","HUR","TOT","PC_LF","Q","2010-Q2",5.3,
"AUT","HUR","TOT","PC_LF","Q","2010-Q3",5.166667,
"AUT","HUR","TOT","PC_LF","Q","2010-Q4",4.866667,
"AUT","HUR","TOT","PC_LF","Q","2011-Q1",5.133333,
"AUT","HUR","TOT","PC_LF","Q","2011-Q2",4.833333,
"AUT","HUR","TOT","PC_LF","Q","2011-Q3",4.4,
"AUT","HUR","TOT","PC_LF","Q","2011-Q4",5.2,
"AUT","HUR","TOT","PC_LF","Q","2012-Q1",4.833333,
"AUT","HUR","TOT","PC_LF","Q","2012-Q2",5.2,
"AUT","HUR","TOT","PC_LF","Q","2012-Q3",5.5,
"AUT","HUR","TOT","PC_LF","Q","2012-Q4",5.433333,
"AUT","HUR","TOT","PC_LF","Q","2013-Q1",5.8,
"AUT","HUR","TOT","PC_LF","Q","2013-Q2",5.366667,
"AUT","HUR","TOT","PC_LF","Q","2013-Q3",5.833333,
"AUT","HUR","TOT","PC_LF","Q","2013-Q4",5.933333,
"AUT","HUR","TOT","PC_LF","Q","2014-Q1",6.133333,
"AUT","HUR","TOT","PC_LF","Q","2014-Q2",5.866667,
"AUT","HUR","TOT","PC_LF","Q","2014-Q3",6.066667,
"AUT","HUR","TOT","PC_LF","Q","2014-Q4",6.133333,
"AUT","HUR","TOT","PC_LF","Q","2015-Q1",5.933333,
"AUT","HUR","TOT","PC_LF","Q","2015-Q2",6.266667,
"AUT","HUR","TOT","PC_LF","Q","2015-Q3",6.133333,
"AUT","HUR","TOT","PC_LF","Q","2015-Q4",6.333333,
"AUT","HUR","TOT","PC_LF","Q","2016-Q1",6.4,
"AUT","HUR","TOT","PC_LF","Q","2016-Q2",6.566667,
"AUT","HUR","TOT","PC_LF","Q","2016-Q3",6.666667,
"AUT","HUR","TOT","PC_LF","Q","2016-Q4",6.266667,
"AUT","HUR","TOT","PC_LF","Q","2017-Q1",6.1,
"AUT","HUR","TOT","PC_LF","Q","2017-Q2",5.8,
"AUT","HUR","TOT","PC_LF","Q","2017-Q3",5.933333,
"AUT","HUR","TOT","PC_LF","Q","2017-Q4",5.866667,
"AUT","HUR","TOT","PC_LF","Q","2018-Q1",5.366667,
"AUT","HUR","TOT","PC_LF","Q","2018-Q2",5,
"AUT","HUR","TOT","PC_LF","Q","2018-Q3",5.4,
"AUT","HUR","TOT","PC_LF","Q","2018-Q4",5.166667,
"AUT","HUR","TOT","PC_LF","Q","2019-Q1",4.966667,
"AUT","HUR","TOT","PC_LF","Q","2019-Q2",4.8,
"AUT","HUR","TOT","PC_LF","Q","2019-Q3",4.833333,
"AUT","HUR","TOT","PC_LF","Q","2019-Q4",4.633333,
"AUT","HUR","TOT","PC_LF","Q","2020-Q1",4.633333,
"AUT","HUR","TOT","PC_LF","Q","2020-Q2",6.933333,
"AUT","HUR","TOT","PC_LF","Q","2020-Q3",6.533333,
"AUT","HUR","TOT","PC_LF","Q","2020-Q4",6.3,
"AUT","HUR","TOT","PC_LF","Q","2021-Q1",7.066667,
"AUT","HUR","TOT","PC_LF","Q","2021-Q2",6.7,
"AUT","HUR","TOT","PC_LF","Q","2021-Q3",5.633333,
"AUT","HUR","TOT","PC_LF","Q","2021-Q4",5.266667,
"BEL","HUR","TOT","PC_LF","Q","2000-Q1",7.1,
"BEL","HUR","TOT","PC_LF","Q","2000-Q2",6.8,
"BEL","HUR","TOT","PC_LF","Q","2000-Q3",6.9,
"BEL","HUR","TOT","PC_LF","Q","2000-Q4",6.633333,
"BEL","HUR","TOT","PC_LF","Q","2001-Q1",6.066667,
"BEL","HUR","TOT","PC_LF","Q","2001-Q2",6.5,
"BEL","HUR","TOT","PC_LF","Q","2001-Q3",6.3,
"BEL","HUR","TOT","PC_LF","Q","2001-Q4",7.4,
"BEL","HUR","TOT","PC_LF","Q","2002-Q1",7.333333,
"BEL","HUR","TOT","PC_LF","Q","2002-Q2",7.3,
"BEL","HUR","TOT","PC_LF","Q","2002-Q3",7.5,
"BEL","HUR","TOT","PC_LF","Q","2002-Q4",7.966667,
"BEL","HUR","TOT","PC_LF","Q","2003-Q1",8.1,
"BEL","HUR","TOT","PC_LF","Q","2003-Q2",8.1,
"BEL","HUR","TOT","PC_LF","Q","2003-Q3",8.133333,
"BEL","HUR","TOT","PC_LF","Q","2003-Q4",8.366667,
"BEL","HUR","TOT","PC_LF","Q","2004-Q1",8.533334,
"BEL","HUR","TOT","PC_LF","Q","2004-Q2",7.766667,
"BEL","HUR","TOT","PC_LF","Q","2004-Q3",8.866667,
"BEL","HUR","TOT","PC_LF","Q","2004-Q4",8.366667,
"BEL","HUR","TOT","PC_LF","Q","2005-Q1",8.466666,
"BEL","HUR","TOT","PC_LF","Q","2005-Q2",8.5,
"BEL","HUR","TOT","PC_LF","Q","2005-Q3",8.5,
"BEL","HUR","TOT","PC_LF","Q","2005-Q4",8.433333,
"BEL","HUR","TOT","PC_LF","Q","2006-Q1",8.566667,
"BEL","HUR","TOT","PC_LF","Q","2006-Q2",8.666667,
"BEL","HUR","TOT","PC_LF","Q","2006-Q3",7.9,
"BEL","HUR","TOT","PC_LF","Q","2006-Q4",7.933333,
"BEL","HUR","TOT","PC_LF","Q","2007-Q1",7.833333,
"BEL","HUR","TOT","PC_LF","Q","2007-Q2",8,
"BEL","HUR","TOT","PC_LF","Q","2007-Q3",7.066667,
"BEL","HUR","TOT","PC_LF","Q","2007-Q4",7.066667,
"BEL","HUR","TOT","PC_LF","Q","2008-Q1",6.9,
"BEL","HUR","TOT","PC_LF","Q","2008-Q2",6.633333,
"BEL","HUR","TOT","PC_LF","Q","2008-Q3",7.5,
"BEL","HUR","TOT","PC_LF","Q","2008-Q4",6.833333,"B"
"BEL","HUR","TOT","PC_LF","Q","2009-Q1",7.866667,
"BEL","HUR","TOT","PC_LF","Q","2009-Q2",7.933333,
"BEL","HUR","TOT","PC_LF","Q","2009-Q3",8,
"BEL","HUR","TOT","PC_LF","Q","2009-Q4",8.166667,
"BEL","HUR","TOT","PC_LF","Q","2010-Q1",8.666667,
"BEL","HUR","TOT","PC_LF","Q","2010-Q2",8.533334,
"BEL","HUR","TOT","PC_LF","Q","2010-Q3",8.433333,
"BEL","HUR","TOT","PC_LF","Q","2010-Q4",7.966667,
"BEL","HUR","TOT","PC_LF","Q","2011-Q1",7.1,
"BEL","HUR","TOT","PC_LF","Q","2011-Q2",7,
"BEL","HUR","TOT","PC_LF","Q","2011-Q3",7.533333,
"BEL","HUR","TOT","PC_LF","Q","2011-Q4",7.2,
"BEL","HUR","TOT","PC_LF","Q","2012-Q1",7.233333,
"BEL","HUR","TOT","PC_LF","Q","2012-Q2",7.366667,
"BEL","HUR","TOT","PC_LF","Q","2012-Q3",7.6,
"BEL","HUR","TOT","PC_LF","Q","2012-Q4",8.366667,
"BEL","HUR","TOT","PC_LF","Q","2013-Q1",8.533334,
"BEL","HUR","TOT","PC_LF","Q","2013-Q2",8.566667,
"BEL","HUR","TOT","PC_LF","Q","2013-Q3",8.466666,
"BEL","HUR","TOT","PC_LF","Q","2013-Q4",8.666667,
"BEL","HUR","TOT","PC_LF","Q","2014-Q1",8.733334,
"BEL","HUR","TOT","PC_LF","Q","2014-Q2",8.6,
"BEL","HUR","TOT","PC_LF","Q","2014-Q3",8.533334,
"BEL","HUR","TOT","PC_LF","Q","2014-Q4",8.733334,
"BEL","HUR","TOT","PC_LF","Q","2015-Q1",8.833333,
"BEL","HUR","TOT","PC_LF","Q","2015-Q2",8.766666,
"BEL","HUR","TOT","PC_LF","Q","2015-Q3",8.2,
"BEL","HUR","TOT","PC_LF","Q","2015-Q4",8.9,
"BEL","HUR","TOT","PC_LF","Q","2016-Q1",8.4,
"BEL","HUR","TOT","PC_LF","Q","2016-Q2",8.266666,
"BEL","HUR","TOT","PC_LF","Q","2016-Q3",7.7,
"BEL","HUR","TOT","PC_LF","Q","2016-Q4",7.366667,"B"
"BEL","HUR","TOT","PC_LF","Q","2017-Q1",7.8,
"BEL","HUR","TOT","PC_LF","Q","2017-Q2",7.333333,
"BEL","HUR","TOT","PC_LF","Q","2017-Q3",7.066667,
"BEL","HUR","TOT","PC_LF","Q","2017-Q4",6.433333,
"BEL","HUR","TOT","PC_LF","Q","2018-Q1",6.133333,
"BEL","HUR","TOT","PC_LF","Q","2018-Q2",6.4,
"BEL","HUR","TOT","PC_LF","Q","2018-Q3",5.733333,
"BEL","HUR","TOT","PC_LF","Q","2018-Q4",5.866667,
"BEL","HUR","TOT","PC_LF","Q","2019-Q1",5.666667,
"BEL","HUR","TOT","PC_LF","Q","2019-Q2",5.566667,
"BEL","HUR","TOT","PC_LF","Q","2019-Q3",5.233333,
"BEL","HUR","TOT","PC_LF","Q","2019-Q4",5.3,
"BEL","HUR","TOT","PC_LF","Q","2020-Q1",5.133333,
"BEL","HUR","TOT","PC_LF","Q","2020-Q2",5.4,
"BEL","HUR","TOT","PC_LF","Q","2020-Q3",6.4,
"BEL","HUR","TOT","PC_LF","Q","2020-Q4",6,
"BEL","HUR","TOT","PC_LF","Q","2021-Q1",6.633333,
"BEL","HUR","TOT","PC_LF","Q","2021-Q2",6.366667,
"BEL","HUR","TOT","PC_LF","Q","2021-Q3",6.233333,
"BEL","HUR","TOT","PC_LF","Q","2021-Q4",5.9,
"FIN","HUR","TOT","PC_LF","Q","2000-Q1",10.16667,
"FIN","HUR","TOT","PC_LF","Q","2000-Q2",9.8,
"FIN","HUR","TOT","PC_LF","Q","2000-Q3",9.6,
"FIN","HUR","TOT","PC_LF","Q","2000-Q4",9.4,
"FIN","HUR","TOT","PC_LF","Q","2001-Q1",9.266666,
"FIN","HUR","TOT","PC_LF","Q","2001-Q2",9.1,
"FIN","HUR","TOT","PC_LF","Q","2001-Q3",9.066667,
"FIN","HUR","TOT","PC_LF","Q","2001-Q4",9.1,
"FIN","HUR","TOT","PC_LF","Q","2002-Q1",9.1,
"FIN","HUR","TOT","PC_LF","Q","2002-Q2",9.133333,
"FIN","HUR","TOT","PC_LF","Q","2002-Q3",9.1,
"FIN","HUR","TOT","PC_LF","Q","2002-Q4",9,
"FIN","HUR","TOT","PC_LF","Q","2003-Q1",8.966666,
"FIN","HUR","TOT","PC_LF","Q","2003-Q2",9.3,
"FIN","HUR","TOT","PC_LF","Q","2003-Q3",8.9,
"FIN","HUR","TOT","PC_LF","Q","2003-Q4",8.966666,
"FIN","HUR","TOT","PC_LF","Q","2004-Q1",8.866667,
"FIN","HUR","TOT","PC_LF","Q","2004-Q2",9.2,
"FIN","HUR","TOT","PC_LF","Q","2004-Q3",8.633333,
"FIN","HUR","TOT","PC_LF","Q","2004-Q4",8.566667,
"FIN","HUR","TOT","PC_LF","Q","2005-Q1",8.7,
"FIN","HUR","TOT","PC_LF","Q","2005-Q2",8.433333,
"FIN","HUR","TOT","PC_LF","Q","2005-Q3",8.133333,
"FIN","HUR","TOT","PC_LF","Q","2005-Q4",8.233334,
"FIN","HUR","TOT","PC_LF","Q","2006-Q1",8,
"FIN","HUR","TOT","PC_LF","Q","2006-Q2",7.766667,
"FIN","HUR","TOT","PC_LF","Q","2006-Q3",7.633333,
"FIN","HUR","TOT","PC_LF","Q","2006-Q4",7.366667,
"FIN","HUR","TOT","PC_LF","Q","2007-Q1",7.166667,
"FIN","HUR","TOT","PC_LF","Q","2007-Q2",6.666667,
"FIN","HUR","TOT","PC_LF","Q","2007-Q3",6.9,
"FIN","HUR","TOT","PC_LF","Q","2007-Q4",6.633333,
"FIN","HUR","TOT","PC_LF","Q","2008-Q1",6.333333,
"FIN","HUR","TOT","PC_LF","Q","2008-Q2",6.166667,
"FIN","HUR","TOT","PC_LF","Q","2008-Q3",6.4,
"FIN","HUR","TOT","PC_LF","Q","2008-Q4",6.566667,"B"
"FIN","HUR","TOT","PC_LF","Q","2009-Q1",7.366667,
"FIN","HUR","TOT","PC_LF","Q","2009-Q2",8.533334,
"FIN","HUR","TOT","PC_LF","Q","2009-Q3",8.566667,
"FIN","HUR","TOT","PC_LF","Q","2009-Q4",9.066667,
"FIN","HUR","TOT","PC_LF","Q","2010-Q1",9,
"FIN","HUR","TOT","PC_LF","Q","2010-Q2",8.533334,
"FIN","HUR","TOT","PC_LF","Q","2010-Q3",8.4,
"FIN","HUR","TOT","PC_LF","Q","2010-Q4",8.333333,
"FIN","HUR","TOT","PC_LF","Q","2011-Q1",8.433333,
"FIN","HUR","TOT","PC_LF","Q","2011-Q2",7.866667,
"FIN","HUR","TOT","PC_LF","Q","2011-Q3",7.866667,
"FIN","HUR","TOT","PC_LF","Q","2011-Q4",7.666667,
"FIN","HUR","TOT","PC_LF","Q","2012-Q1",7.7,
"FIN","HUR","TOT","PC_LF","Q","2012-Q2",7.666667,
"FIN","HUR","TOT","PC_LF","Q","2012-Q3",8.066667,
"FIN","HUR","TOT","PC_LF","Q","2012-Q4",7.866667,
"FIN","HUR","TOT","PC_LF","Q","2013-Q1",8.433333,
"FIN","HUR","TOT","PC_LF","Q","2013-Q2",8.066667,
"FIN","HUR","TOT","PC_LF","Q","2013-Q3",8.166667,
"FIN","HUR","TOT","PC_LF","Q","2013-Q4",8.5,
"FIN","HUR","TOT","PC_LF","Q","2014-Q1",8.633333,
"FIN","HUR","TOT","PC_LF","Q","2014-Q2",8.633333,
"FIN","HUR","TOT","PC_LF","Q","2014-Q3",8.6,
"FIN","HUR","TOT","PC_LF","Q","2014-Q4",9.2,
"FIN","HUR","TOT","PC_LF","Q","2015-Q1",9.266666,
"FIN","HUR","TOT","PC_LF","Q","2015-Q2",9.533334,
"FIN","HUR","TOT","PC_LF","Q","2015-Q3",9.433333,
"FIN","HUR","TOT","PC_LF","Q","2015-Q4",9.5,
"FIN","HUR","TOT","PC_LF","Q","2016-Q1",9.166667,
"FIN","HUR","TOT","PC_LF","Q","2016-Q2",8.9,
"FIN","HUR","TOT","PC_LF","Q","2016-Q3",8.666667,
"FIN","HUR","TOT","PC_LF","Q","2016-Q4",8.933333,
"FIN","HUR","TOT","PC_LF","Q","2017-Q1",8.933333,
"FIN","HUR","TOT","PC_LF","Q","2017-Q2",9,
"FIN","HUR","TOT","PC_LF","Q","2017-Q3",8.666667,
"FIN","HUR","TOT","PC_LF","Q","2017-Q4",8.366667,
"FIN","HUR","TOT","PC_LF","Q","2018-Q1",8.333333,
"FIN","HUR","TOT","PC_LF","Q","2018-Q2",7.3,
"FIN","HUR","TOT","PC_LF","Q","2018-Q3",7.266667,
"FIN","HUR","TOT","PC_LF","Q","2018-Q4",6.733333,
"FIN","HUR","TOT","PC_LF","Q","2019-Q1",6.7,
"FIN","HUR","TOT","PC_LF","Q","2019-Q2",6.7,
"FIN","HUR","TOT","PC_LF","Q","2019-Q3",6.766667,
"FIN","HUR","TOT","PC_LF","Q","2019-Q4",6.8,
"FIN","HUR","TOT","PC_LF","Q","2020-Q1",6.7,
"FIN","HUR","TOT","PC_LF","Q","2020-Q2",7.766667,
"FIN","HUR","TOT","PC_LF","Q","2020-Q3",8.433333,
"FIN","HUR","TOT","PC_LF","Q","2020-Q4",8.133333,
"FIN","HUR","TOT","PC_LF","Q","2021-Q1",7.966667,
"FIN","HUR","TOT","PC_LF","Q","2021-Q2",8.133333,
"FIN","HUR","TOT","PC_LF","Q","2021-Q3",7.5,
"FIN","HUR","TOT","PC_LF","Q","2021-Q4",6.9,
"FRA","HUR","TOT","PC_LF","Q","2000-Q1",10.23333,
"FRA","HUR","TOT","PC_LF","Q","2000-Q2",9.7,
"FRA","HUR","TOT","PC_LF","Q","2000-Q3",9.266666,
"FRA","HUR","TOT","PC_LF","Q","2000-Q4",8.9,
"FRA","HUR","TOT","PC_LF","Q","2001-Q1",8.7,
"FRA","HUR","TOT","PC_LF","Q","2001-Q2",8.733334,
"FRA","HUR","TOT","PC_LF","Q","2001-Q3",8.8,
"FRA","HUR","TOT","PC_LF","Q","2001-Q4",8.8,
"FRA","HUR","TOT","PC_LF","Q","2002-Q1",8.766666,
"FRA","HUR","TOT","PC_LF","Q","2002-Q2",8.633333,
"FRA","HUR","TOT","PC_LF","Q","2002-Q3",8.6,
"FRA","HUR","TOT","PC_LF","Q","2002-Q4",8.566667,"B"
"FRA","HUR","TOT","PC_LF","Q","2003-Q1",8.333333,
"FRA","HUR","TOT","PC_LF","Q","2003-Q2",8.5,
"FRA","HUR","TOT","PC_LF","Q","2003-Q3",8.466666,
"FRA","HUR","TOT","PC_LF","Q","2003-Q4",8.8,
"FRA","HUR","TOT","PC_LF","Q","2004-Q1",8.9,
"FRA","HUR","TOT","PC_LF","Q","2004-Q2",8.8,
"FRA","HUR","TOT","PC_LF","Q","2004-Q3",8.866667,
"FRA","HUR","TOT","PC_LF","Q","2004-Q4",8.9,
"FRA","HUR","TOT","PC_LF","Q","2005-Q1",8.633333,
"FRA","HUR","TOT","PC_LF","Q","2005-Q2",8.833333,
"FRA","HUR","TOT","PC_LF","Q","2005-Q3",8.966666,
"FRA","HUR","TOT","PC_LF","Q","2005-Q4",9.1,
"FRA","HUR","TOT","PC_LF","Q","2006-Q1",9.1,
"FRA","HUR","TOT","PC_LF","Q","2006-Q2",8.933333,
"FRA","HUR","TOT","PC_LF","Q","2006-Q3",8.9,
"FRA","HUR","TOT","PC_LF","Q","2006-Q4",8.433333,
"FRA","HUR","TOT","PC_LF","Q","2007-Q1",8.466666,
"FRA","HUR","TOT","PC_LF","Q","2007-Q2",8.1,
"FRA","HUR","TOT","PC_LF","Q","2007-Q3",7.9,
"FRA","HUR","TOT","PC_LF","Q","2007-Q4",7.6,
"FRA","HUR","TOT","PC_LF","Q","2008-Q1",7.266667,
"FRA","HUR","TOT","PC_LF","Q","2008-Q2",7.333333,
"FRA","HUR","TOT","PC_LF","Q","2008-Q3",7.466667,
"FRA","HUR","TOT","PC_LF","Q","2008-Q4",7.833333,
"FRA","HUR","TOT","PC_LF","Q","2009-Q1",8.566667,
"FRA","HUR","TOT","PC_LF","Q","2009-Q2",9.066667,
"FRA","HUR","TOT","PC_LF","Q","2009-Q3",9.2,
"FRA","HUR","TOT","PC_LF","Q","2009-Q4",9.466666,
"FRA","HUR","TOT","PC_LF","Q","2010-Q1",9.333333,
"FRA","HUR","TOT","PC_LF","Q","2010-Q2",9.333333,
"FRA","HUR","TOT","PC_LF","Q","2010-Q3",9.2,
"FRA","HUR","TOT","PC_LF","Q","2010-Q4",9.2,
"FRA","HUR","TOT","PC_LF","Q","2011-Q1",9.166667,
"FRA","HUR","TOT","PC_LF","Q","2011-Q2",9.1,
"FRA","HUR","TOT","PC_LF","Q","2011-Q3",9.266666,
"FRA","HUR","TOT","PC_LF","Q","2011-Q4",9.366667,
"FRA","HUR","TOT","PC_LF","Q","2012-Q1",9.533334,
"FRA","HUR","TOT","PC_LF","Q","2012-Q2",9.666667,
"FRA","HUR","TOT","PC_LF","Q","2012-Q3",9.733334,
"FRA","HUR","TOT","PC_LF","Q","2012-Q4",10.1,
"FRA","HUR","TOT","PC_LF","Q","2013-Q1",10.36667,
"FRA","HUR","TOT","PC_LF","Q","2013-Q2",10.4,
"FRA","HUR","TOT","PC_LF","Q","2013-Q3",10.26667,
"FRA","HUR","TOT","PC_LF","Q","2013-Q4",10.2,
"FRA","HUR","TOT","PC_LF","Q","2014-Q1",10.2,
"FRA","HUR","TOT","PC_LF","Q","2014-Q2",10.13333,
"FRA","HUR","TOT","PC_LF","Q","2014-Q3",10.26667,
"FRA","HUR","TOT","PC_LF","Q","2014-Q4",10.43333,
"FRA","HUR","TOT","PC_LF","Q","2015-Q1",10.33333,
"FRA","HUR","TOT","PC_LF","Q","2015-Q2",10.53333,
"FRA","HUR","TOT","PC_LF","Q","2015-Q3",10.33333,
"FRA","HUR","TOT","PC_LF","Q","2015-Q4",10.2,
"FRA","HUR","TOT","PC_LF","Q","2016-Q1",10.23333,
"FRA","HUR","TOT","PC_LF","Q","2016-Q2",10.06667,
"FRA","HUR","TOT","PC_LF","Q","2016-Q3",9.9,
"FRA","HUR","TOT","PC_LF","Q","2016-Q4",9.966666,
"FRA","HUR","TOT","PC_LF","Q","2017-Q1",9.633333,
"FRA","HUR","TOT","PC_LF","Q","2017-Q2",9.533334,
"FRA","HUR","TOT","PC_LF","Q","2017-Q3",9.466666,
"FRA","HUR","TOT","PC_LF","Q","2017-Q4",9.133333,
"FRA","HUR","TOT","PC_LF","Q","2018-Q1",9.266666,
"FRA","HUR","TOT","PC_LF","Q","2018-Q2",9.133333,
"FRA","HUR","TOT","PC_LF","Q","2018-Q3",8.833333,
"FRA","HUR","TOT","PC_LF","Q","2018-Q4",8.8,
"FRA","HUR","TOT","PC_LF","Q","2019-Q1",8.7,
"FRA","HUR","TOT","PC_LF","Q","2019-Q2",8.633333,
"FRA","HUR","TOT","PC_LF","Q","2019-Q3",8.2,
"FRA","HUR","TOT","PC_LF","Q","2019-Q4",8.133333,
"FRA","HUR","TOT","PC_LF","Q","2020-Q1",7.833333,
"FRA","HUR","TOT","PC_LF","Q","2020-Q2",7.3,
"FRA","HUR","TOT","PC_LF","Q","2020-Q3",8.866667,
"FRA","HUR","TOT","PC_LF","Q","2020-Q4",8.033334,
"FRA","HUR","TOT","PC_LF","Q","2021-Q1",8.033334,
"FRA","HUR","TOT","PC_LF","Q","2021-Q2",8.166667,
"FRA","HUR","TOT","PC_LF","Q","2021-Q3",7.866667,
"FRA","HUR","TOT","PC_LF","Q","2021-Q4",7.333333,
"DEU","HUR","TOT","PC_LF","Q","2000-Q1",8.133333,
"DEU","HUR","TOT","PC_LF","Q","2000-Q2",8,
"DEU","HUR","TOT","PC_LF","Q","2000-Q3",7.9,
"DEU","HUR","TOT","PC_LF","Q","2000-Q4",7.766667,
"DEU","HUR","TOT","PC_LF","Q","2001-Q1",7.666667,
"DEU","HUR","TOT","PC_LF","Q","2001-Q2",7.666667,
"DEU","HUR","TOT","PC_LF","Q","2001-Q3",7.833333,
"DEU","HUR","TOT","PC_LF","Q","2001-Q4",8.033334,
"DEU","HUR","TOT","PC_LF","Q","2002-Q1",8.166667,
"DEU","HUR","TOT","PC_LF","Q","2002-Q2",8.4,
"DEU","HUR","TOT","PC_LF","Q","2002-Q3",8.733334,
"DEU","HUR","TOT","PC_LF","Q","2002-Q4",9.1,
"DEU","HUR","TOT","PC_LF","Q","2003-Q1",9.5,
"DEU","HUR","TOT","PC_LF","Q","2003-Q2",9.733334,
"DEU","HUR","TOT","PC_LF","Q","2003-Q3",9.8,
"DEU","HUR","TOT","PC_LF","Q","2003-Q4",9.8,
"DEU","HUR","TOT","PC_LF","Q","2004-Q1",10.06667,
"DEU","HUR","TOT","PC_LF","Q","2004-Q2",10.3,
"DEU","HUR","TOT","PC_LF","Q","2004-Q3",10.36667,
"DEU","HUR","TOT","PC_LF","Q","2004-Q4",10.6,
"DEU","HUR","TOT","PC_LF","Q","2005-Q1",10.83333,
"DEU","HUR","TOT","PC_LF","Q","2005-Q2",11.2,
"DEU","HUR","TOT","PC_LF","Q","2005-Q3",11.16667,
"DEU","HUR","TOT","PC_LF","Q","2005-Q4",10.83333,
"DEU","HUR","TOT","PC_LF","Q","2006-Q1",10.5,
"DEU","HUR","TOT","PC_LF","Q","2006-Q2",10.2,
"DEU","HUR","TOT","PC_LF","Q","2006-Q3",9.9,
"DEU","HUR","TOT","PC_LF","Q","2006-Q4",9.566667,
"DEU","HUR","TOT","PC_LF","Q","2007-Q1",9.033334,
"DEU","HUR","TOT","PC_LF","Q","2007-Q2",8.6,
"DEU","HUR","TOT","PC_LF","Q","2007-Q3",8.433333,
"DEU","HUR","TOT","PC_LF","Q","2007-Q4",8.2,
"DEU","HUR","TOT","PC_LF","Q","2008-Q1",7.8,
"DEU","HUR","TOT","PC_LF","Q","2008-Q2",7.5,
"DEU","HUR","TOT","PC_LF","Q","2008-Q3",7.133333,
"DEU","HUR","TOT","PC_LF","Q","2008-Q4",7.1,
"DEU","HUR","TOT","PC_LF","Q","2009-Q1",7.466667,
"DEU","HUR","TOT","PC_LF","Q","2009-Q2",7.766667,
"DEU","HUR","TOT","PC_LF","Q","2009-Q3",7.833333,
"DEU","HUR","TOT","PC_LF","Q","2009-Q4",7.6,
"DEU","HUR","TOT","PC_LF","Q","2010-Q1",7.333333,
"DEU","HUR","TOT","PC_LF","Q","2010-Q2",7.033333,
"DEU","HUR","TOT","PC_LF","Q","2010-Q3",6.766667,
"DEU","HUR","TOT","PC_LF","Q","2010-Q4",6.6,
"DEU","HUR","TOT","PC_LF","Q","2011-Q1",6.233333,
"DEU","HUR","TOT","PC_LF","Q","2011-Q2",5.9,
"DEU","HUR","TOT","PC_LF","Q","2011-Q3",5.733333,
"DEU","HUR","TOT","PC_LF","Q","2011-Q4",5.566667,
"DEU","HUR","TOT","PC_LF","Q","2012-Q1",5.433333,
"DEU","HUR","TOT","PC_LF","Q","2012-Q2",5.4,
"DEU","HUR","TOT","PC_LF","Q","2012-Q3",5.333333,
"DEU","HUR","TOT","PC_LF","Q","2012-Q4",5.3,
"DEU","HUR","TOT","PC_LF","Q","2013-Q1",5.4,
"DEU","HUR","TOT","PC_LF","Q","2013-Q2",5.266667,
"DEU","HUR","TOT","PC_LF","Q","2013-Q3",5.2,
"DEU","HUR","TOT","PC_LF","Q","2013-Q4",5.1,
"DEU","HUR","TOT","PC_LF","Q","2014-Q1",5.1,
"DEU","HUR","TOT","PC_LF","Q","2014-Q2",5,
"DEU","HUR","TOT","PC_LF","Q","2014-Q3",5,
"DEU","HUR","TOT","PC_LF","Q","2014-Q4",4.933333,
"DEU","HUR","TOT","PC_LF","Q","2015-Q1",4.766667,
"DEU","HUR","TOT","PC_LF","Q","2015-Q2",4.7,
"DEU","HUR","TOT","PC_LF","Q","2015-Q3",4.566667,
"DEU","HUR","TOT","PC_LF","Q","2015-Q4",4.5,
"DEU","HUR","TOT","PC_LF","Q","2016-Q1",4.333333,
"DEU","HUR","TOT","PC_LF","Q","2016-Q2",4.233333,
"DEU","HUR","TOT","PC_LF","Q","2016-Q3",4.133333,
"DEU","HUR","TOT","PC_LF","Q","2016-Q4",3.933333,
"DEU","HUR","TOT","PC_LF","Q","2017-Q1",3.9,
"DEU","HUR","TOT","PC_LF","Q","2017-Q2",3.8,
"DEU","HUR","TOT","PC_LF","Q","2017-Q3",3.7,
"DEU","HUR","TOT","PC_LF","Q","2017-Q4",3.633333,
"DEU","HUR","TOT","PC_LF","Q","2018-Q1",3.5,
"DEU","HUR","TOT","PC_LF","Q","2018-Q2",3.4,
"DEU","HUR","TOT","PC_LF","Q","2018-Q3",3.4,
"DEU","HUR","TOT","PC_LF","Q","2018-Q4",3.3,
"DEU","HUR","TOT","PC_LF","Q","2019-Q1",3.233333,
"DEU","HUR","TOT","PC_LF","Q","2019-Q2",3.133333,
"DEU","HUR","TOT","PC_LF","Q","2019-Q3",3.1,
"DEU","HUR","TOT","PC_LF","Q","2019-Q4",3.2,
"DEU","HUR","TOT","PC_LF","Q","2020-Q1",3.5,
"DEU","HUR","TOT","PC_LF","Q","2020-Q2",3.8,
"DEU","HUR","TOT","PC_LF","Q","2020-Q3",4.066667,
"DEU","HUR","TOT","PC_LF","Q","2020-Q4",4.066667,"B"
"DEU","HUR","TOT","PC_LF","Q","2021-Q1",3.9,"P"
"DEU","HUR","TOT","PC_LF","Q","2021-Q2",3.6,"P"
"DEU","HUR","TOT","PC_LF","Q","2021-Q3",3.366667,"P"
"DEU","HUR","TOT","PC_LF","Q","2021-Q4",3.2,"P"
"GRC","HUR","TOT","PC_LF","Q","2000-Q1",11.56667,
"GRC","HUR","TOT","PC_LF","Q","2000-Q2",11.46667,
"GRC","HUR","TOT","PC_LF","Q","2000-Q3",11.23333,
"GRC","HUR","TOT","PC_LF","Q","2000-Q4",10.63333,
"GRC","HUR","TOT","PC_LF","Q","2001-Q1",10.5,
"GRC","HUR","TOT","PC_LF","Q","2001-Q2",10.7,
"GRC","HUR","TOT","PC_LF","Q","2001-Q3",10.63333,
"GRC","HUR","TOT","PC_LF","Q","2001-Q4",10.86667,
"GRC","HUR","TOT","PC_LF","Q","2002-Q1",10.7,
"GRC","HUR","TOT","PC_LF","Q","2002-Q2",10.3,
"GRC","HUR","TOT","PC_LF","Q","2002-Q3",10.23333,
"GRC","HUR","TOT","PC_LF","Q","2002-Q4",10,
"GRC","HUR","TOT","PC_LF","Q","2003-Q1",9.733334,
"GRC","HUR","TOT","PC_LF","Q","2003-Q2",9.7,
"GRC","HUR","TOT","PC_LF","Q","2003-Q3",9.7,
"GRC","HUR","TOT","PC_LF","Q","2003-Q4",9.9,
"GRC","HUR","TOT","PC_LF","Q","2004-Q1",10.9,
"GRC","HUR","TOT","PC_LF","Q","2004-Q2",10.53333,
"GRC","HUR","TOT","PC_LF","Q","2004-Q3",10.53333,
"GRC","HUR","TOT","PC_LF","Q","2004-Q4",10.36667,
"GRC","HUR","TOT","PC_LF","Q","2005-Q1",10.06667,
"GRC","HUR","TOT","PC_LF","Q","2005-Q2",10,
"GRC","HUR","TOT","PC_LF","Q","2005-Q3",10.23333,
"GRC","HUR","TOT","PC_LF","Q","2005-Q4",9.8,
"GRC","HUR","TOT","PC_LF","Q","2006-Q1",9.366667,
"GRC","HUR","TOT","PC_LF","Q","2006-Q2",9.066667,
"GRC","HUR","TOT","PC_LF","Q","2006-Q3",8.766666,
"GRC","HUR","TOT","PC_LF","Q","2006-Q4",8.866667,
"GRC","HUR","TOT","PC_LF","Q","2007-Q1",8.8,
"GRC","HUR","TOT","PC_LF","Q","2007-Q2",8.4,
"GRC","HUR","TOT","PC_LF","Q","2007-Q3",8.333333,
"GRC","HUR","TOT","PC_LF","Q","2007-Q4",8.1,
"GRC","HUR","TOT","PC_LF","Q","2008-Q1",7.966667,
"GRC","HUR","TOT","PC_LF","Q","2008-Q2",7.5,
"GRC","HUR","TOT","PC_LF","Q","2008-Q3",7.633333,
"GRC","HUR","TOT","PC_LF","Q","2008-Q4",8,
"GRC","HUR","TOT","PC_LF","Q","2009-Q1",9,
"GRC","HUR","TOT","PC_LF","Q","2009-Q2",9.233334,
"GRC","HUR","TOT","PC_LF","Q","2009-Q3",9.8,
"GRC","HUR","TOT","PC_LF","Q","2009-Q4",10.43333,
"GRC","HUR","TOT","PC_LF","Q","2010-Q1",11.36667,
"GRC","HUR","TOT","PC_LF","Q","2010-Q2",12.23333,
"GRC","HUR","TOT","PC_LF","Q","2010-Q3",13.03333,
"GRC","HUR","TOT","PC_LF","Q","2010-Q4",14.33333,
"GRC","HUR","TOT","PC_LF","Q","2011-Q1",15.53333,
"GRC","HUR","TOT","PC_LF","Q","2011-Q2",16.8,
"GRC","HUR","TOT","PC_LF","Q","2011-Q3",18.5,
"GRC","HUR","TOT","PC_LF","Q","2011-Q4",20.73333,
"GRC","HUR","TOT","PC_LF","Q","2012-Q1",22.2,
"GRC","HUR","TOT","PC_LF","Q","2012-Q2",24.13333,
"GRC","HUR","TOT","PC_LF","Q","2012-Q3",25.53333,
"GRC","HUR","TOT","PC_LF","Q","2012-Q4",26.23333,
"GRC","HUR","TOT","PC_LF","Q","2013-Q1",26.93333,
"GRC","HUR","TOT","PC_LF","Q","2013-Q2",27.63333,
"GRC","HUR","TOT","PC_LF","Q","2013-Q3",27.8,
"GRC","HUR","TOT","PC_LF","Q","2013-Q4",27.6,
"GRC","HUR","TOT","PC_LF","Q","2014-Q1",27.1,
"GRC","HUR","TOT","PC_LF","Q","2014-Q2",26.9,
"GRC","HUR","TOT","PC_LF","Q","2014-Q3",26.23333,
"GRC","HUR","TOT","PC_LF","Q","2014-Q4",25.93333,
"GRC","HUR","TOT","PC_LF","Q","2015-Q1",25.86667,
"GRC","HUR","TOT","PC_LF","Q","2015-Q2",24.93333,
"GRC","HUR","TOT","PC_LF","Q","2015-Q3",24.73333,
"GRC","HUR","TOT","PC_LF","Q","2015-Q4",24.3,
"GRC","HUR","TOT","PC_LF","Q","2016-Q1",24.06667,
"GRC","HUR","TOT","PC_LF","Q","2016-Q2",23.5,
"GRC","HUR","TOT","PC_LF","Q","2016-Q3",23.33333,
"GRC","HUR","TOT","PC_LF","Q","2016-Q4",23.36667,
"GRC","HUR","TOT","PC_LF","Q","2017-Q1",22.63333,
"GRC","HUR","TOT","PC_LF","Q","2017-Q2",21.5,
"GRC","HUR","TOT","PC_LF","Q","2017-Q3",20.93333,
"GRC","HUR","TOT","PC_LF","Q","2017-Q4",21.03333,
"GRC","HUR","TOT","PC_LF","Q","2018-Q1",20.43333,
"GRC","HUR","TOT","PC_LF","Q","2018-Q2",19.36667,
"GRC","HUR","TOT","PC_LF","Q","2018-Q3",18.96667,
"GRC","HUR","TOT","PC_LF","Q","2018-Q4",18.53333,
"GRC","HUR","TOT","PC_LF","Q","2019-Q1",18.4,
"GRC","HUR","TOT","PC_LF","Q","2019-Q2",17.23333,
"GRC","HUR","TOT","PC_LF","Q","2019-Q3",16.96667,
"GRC","HUR","TOT","PC_LF","Q","2019-Q4",16.63333,
"GRC","HUR","TOT","PC_LF","Q","2020-Q1",15.96667,
"GRC","HUR","TOT","PC_LF","Q","2020-Q2",16.83333,
"GRC","HUR","TOT","PC_LF","Q","2020-Q3",16.86667,
"GRC","HUR","TOT","PC_LF","Q","2020-Q4",16.06667,"B"
"GRC","HUR","TOT","PC_LF","Q","2021-Q1",16.36667,
"GRC","HUR","TOT","PC_LF","Q","2021-Q2",16.03333,
"GRC","HUR","TOT","PC_LF","Q","2021-Q3",13.66667,
"GRC","HUR","TOT","PC_LF","Q","2021-Q4",13.3,
"IRL","HUR","TOT","PC_LF","Q","2000-Q1",4.8,
"IRL","HUR","TOT","PC_LF","Q","2000-Q2",4.6,
"IRL","HUR","TOT","PC_LF","Q","2000-Q3",4.266667,
"IRL","HUR","TOT","PC_LF","Q","2000-Q4",3.9,
"IRL","HUR","TOT","PC_LF","Q","2001-Q1",3.966667,
"IRL","HUR","TOT","PC_LF","Q","2001-Q2",4,
"IRL","HUR","TOT","PC_LF","Q","2001-Q3",4.366667,
"IRL","HUR","TOT","PC_LF","Q","2001-Q4",4.366667,
"IRL","HUR","TOT","PC_LF","Q","2002-Q1",4.533333,
"IRL","HUR","TOT","PC_LF","Q","2002-Q2",4.633333,
"IRL","HUR","TOT","PC_LF","Q","2002-Q3",4.5,
"IRL","HUR","TOT","PC_LF","Q","2002-Q4",5.233333,
"IRL","HUR","TOT","PC_LF","Q","2003-Q1",4.833333,
"IRL","HUR","TOT","PC_LF","Q","2003-Q2",4.8,
"IRL","HUR","TOT","PC_LF","Q","2003-Q3",5,
"IRL","HUR","TOT","PC_LF","Q","2003-Q4",4.733333,
"IRL","HUR","TOT","PC_LF","Q","2004-Q1",5.133333,
"IRL","HUR","TOT","PC_LF","Q","2004-Q2",4.666667,
"IRL","HUR","TOT","PC_LF","Q","2004-Q3",4.5,
"IRL","HUR","TOT","PC_LF","Q","2004-Q4",4.7,
"IRL","HUR","TOT","PC_LF","Q","2005-Q1",4.4,
"IRL","HUR","TOT","PC_LF","Q","2005-Q2",4.866667,
"IRL","HUR","TOT","PC_LF","Q","2005-Q3",4.7,
"IRL","HUR","TOT","PC_LF","Q","2005-Q4",4.533333,
"IRL","HUR","TOT","PC_LF","Q","2006-Q1",4.7,
"IRL","HUR","TOT","PC_LF","Q","2006-Q2",4.733333,
"IRL","HUR","TOT","PC_LF","Q","2006-Q3",5,
"IRL","HUR","TOT","PC_LF","Q","2006-Q4",4.666667,
"IRL","HUR","TOT","PC_LF","Q","2007-Q1",4.9,
"IRL","HUR","TOT","PC_LF","Q","2007-Q2",5,
"IRL","HUR","TOT","PC_LF","Q","2007-Q3",4.9,
"IRL","HUR","TOT","PC_LF","Q","2007-Q4",5.2,
"IRL","HUR","TOT","PC_LF","Q","2008-Q1",5.366667,
"IRL","HUR","TOT","PC_LF","Q","2008-Q2",5.933333,
"IRL","HUR","TOT","PC_LF","Q","2008-Q3",7.366667,
"IRL","HUR","TOT","PC_LF","Q","2008-Q4",8.533334,
"IRL","HUR","TOT","PC_LF","Q","2009-Q1",10.86667,
"IRL","HUR","TOT","PC_LF","Q","2009-Q2",12.6,
"IRL","HUR","TOT","PC_LF","Q","2009-Q3",13.3,
"IRL","HUR","TOT","PC_LF","Q","2009-Q4",13.8,
"IRL","HUR","TOT","PC_LF","Q","2010-Q1",13.8,
"IRL","HUR","TOT","PC_LF","Q","2010-Q2",14.36667,
"IRL","HUR","TOT","PC_LF","Q","2010-Q3",14.56667,
"IRL","HUR","TOT","PC_LF","Q","2010-Q4",15.63333,
"IRL","HUR","TOT","PC_LF","Q","2011-Q1",15.13333,
"IRL","HUR","TOT","PC_LF","Q","2011-Q2",15.03333,
"IRL","HUR","TOT","PC_LF","Q","2011-Q3",15.6,
"IRL","HUR","TOT","PC_LF","Q","2011-Q4",15.83333,
"IRL","HUR","TOT","PC_LF","Q","2012-Q1",15.93333,
"IRL","HUR","TOT","PC_LF","Q","2012-Q2",15.53333,
"IRL","HUR","TOT","PC_LF","Q","2012-Q3",15.46667,
"IRL","HUR","TOT","PC_LF","Q","2012-Q4",15,
"IRL","HUR","TOT","PC_LF","Q","2013-Q1",14.53333,
"IRL","HUR","TOT","PC_LF","Q","2013-Q2",14.36667,
"IRL","HUR","TOT","PC_LF","Q","2013-Q3",13.33333,
"IRL","HUR","TOT","PC_LF","Q","2013-Q4",12.83333,
"IRL","HUR","TOT","PC_LF","Q","2014-Q1",12.83333,
"IRL","HUR","TOT","PC_LF","Q","2014-Q2",12.16667,
"IRL","HUR","TOT","PC_LF","Q","2014-Q3",11.66667,
"IRL","HUR","TOT","PC_LF","Q","2014-Q4",10.86667,
"IRL","HUR","TOT","PC_LF","Q","2015-Q1",10.63333,
"IRL","HUR","TOT","PC_LF","Q","2015-Q2",10.03333,
"IRL","HUR","TOT","PC_LF","Q","2015-Q3",9.566667,
"IRL","HUR","TOT","PC_LF","Q","2015-Q4",9.433333,
"IRL","HUR","TOT","PC_LF","Q","2016-Q1",8.933333,
"IRL","HUR","TOT","PC_LF","Q","2016-Q2",8.8,
"IRL","HUR","TOT","PC_LF","Q","2016-Q3",8.233334,
"IRL","HUR","TOT","PC_LF","Q","2016-Q4",7.566667,
"IRL","HUR","TOT","PC_LF","Q","2017-Q1",7.266667,
"IRL","HUR","TOT","PC_LF","Q","2017-Q2",6.666667,
"IRL","HUR","TOT","PC_LF","Q","2017-Q3",6.633333,
"IRL","HUR","TOT","PC_LF","Q","2017-Q4",6.4,
"IRL","HUR","TOT","PC_LF","Q","2018-Q1",5.9,
"IRL","HUR","TOT","PC_LF","Q","2018-Q2",5.866667,
"IRL","HUR","TOT","PC_LF","Q","2018-Q3",5.7,
"IRL","HUR","TOT","PC_LF","Q","2018-Q4",5.733333,
"IRL","HUR","TOT","PC_LF","Q","2019-Q1",5,
"IRL","HUR","TOT","PC_LF","Q","2019-Q2",5.166667,
"IRL","HUR","TOT","PC_LF","Q","2019-Q3",5,
"IRL","HUR","TOT","PC_LF","Q","2019-Q4",4.8,
"IRL","HUR","TOT","PC_LF","Q","2020-Q1",4.9,
"IRL","HUR","TOT","PC_LF","Q","2020-Q2",5.1,
"IRL","HUR","TOT","PC_LF","Q","2020-Q3",7.066667,
"IRL","HUR","TOT","PC_LF","Q","2020-Q4",6.3,
"IRL","HUR","TOT","PC_LF","Q","2021-Q1",7.4,
"IRL","HUR","TOT","PC_LF","Q","2021-Q2",6.9,
"IRL","HUR","TOT","PC_LF","Q","2021-Q3",5.466667,
"IRL","HUR","TOT","PC_LF","Q","2021-Q4",5.233333,
"ITA","HUR","TOT","PC_LF","Q","2000-Q1",10.56667,
"ITA","HUR","TOT","PC_LF","Q","2000-Q2",10.26667,
"ITA","HUR","TOT","PC_LF","Q","2000-Q3",9.966666,
"ITA","HUR","TOT","PC_LF","Q","2000-Q4",9.6,
"ITA","HUR","TOT","PC_LF","Q","2001-Q1",9.366667,
"ITA","HUR","TOT","PC_LF","Q","2001-Q2",9.133333,
"ITA","HUR","TOT","PC_LF","Q","2001-Q3",9.033334,
"ITA","HUR","TOT","PC_LF","Q","2001-Q4",8.866667,
"ITA","HUR","TOT","PC_LF","Q","2002-Q1",8.533334,
"ITA","HUR","TOT","PC_LF","Q","2002-Q2",8.833333,
"ITA","HUR","TOT","PC_LF","Q","2002-Q3",8.6,
"ITA","HUR","TOT","PC_LF","Q","2002-Q4",8.466666,
"ITA","HUR","TOT","PC_LF","Q","2003-Q1",8.733334,
"ITA","HUR","TOT","PC_LF","Q","2003-Q2",8.466666,
"ITA","HUR","TOT","PC_LF","Q","2003-Q3",8.4,
"ITA","HUR","TOT","PC_LF","Q","2003-Q4",8.2,"B"
"ITA","HUR","TOT","PC_LF","Q","2004-Q1",8.266666,
"ITA","HUR","TOT","PC_LF","Q","2004-Q2",8.033334,
"ITA","HUR","TOT","PC_LF","Q","2004-Q3",7.833333,
"ITA","HUR","TOT","PC_LF","Q","2004-Q4",7.966667,
"ITA","HUR","TOT","PC_LF","Q","2005-Q1",7.9,
"ITA","HUR","TOT","PC_LF","Q","2005-Q2",7.8,
"ITA","HUR","TOT","PC_LF","Q","2005-Q3",7.633333,
"ITA","HUR","TOT","PC_LF","Q","2005-Q4",7.666667,
"ITA","HUR","TOT","PC_LF","Q","2006-Q1",7.333333,
"ITA","HUR","TOT","PC_LF","Q","2006-Q2",6.966667,
"ITA","HUR","TOT","PC_LF","Q","2006-Q3",6.666667,
"ITA","HUR","TOT","PC_LF","Q","2006-Q4",6.5,
"ITA","HUR","TOT","PC_LF","Q","2007-Q1",6.233333,
"ITA","HUR","TOT","PC_LF","Q","2007-Q2",6,
"ITA","HUR","TOT","PC_LF","Q","2007-Q3",6.2,
"ITA","HUR","TOT","PC_LF","Q","2007-Q4",6.4,
"ITA","HUR","TOT","PC_LF","Q","2008-Q1",6.6,
"ITA","HUR","TOT","PC_LF","Q","2008-Q2",6.866667,
"ITA","HUR","TOT","PC_LF","Q","2008-Q3",6.733333,
"ITA","HUR","TOT","PC_LF","Q","2008-Q4",7,
"ITA","HUR","TOT","PC_LF","Q","2009-Q1",7.466667,
"ITA","HUR","TOT","PC_LF","Q","2009-Q2",7.566667,
"ITA","HUR","TOT","PC_LF","Q","2009-Q3",8.033334,
"ITA","HUR","TOT","PC_LF","Q","2009-Q4",8.366667,
"ITA","HUR","TOT","PC_LF","Q","2010-Q1",8.6,
"ITA","HUR","TOT","PC_LF","Q","2010-Q2",8.633333,
"ITA","HUR","TOT","PC_LF","Q","2010-Q3",8.333333,
"ITA","HUR","TOT","PC_LF","Q","2010-Q4",8.366667,
"ITA","HUR","TOT","PC_LF","Q","2011-Q1",8.166667,
"ITA","HUR","TOT","PC_LF","Q","2011-Q2",8.2,
"ITA","HUR","TOT","PC_LF","Q","2011-Q3",8.633333,
"ITA","HUR","TOT","PC_LF","Q","2011-Q4",9.366667,
"ITA","HUR","TOT","PC_LF","Q","2012-Q1",10.2,
"ITA","HUR","TOT","PC_LF","Q","2012-Q2",10.73333,
"ITA","HUR","TOT","PC_LF","Q","2012-Q3",11.03333,
"ITA","HUR","TOT","PC_LF","Q","2012-Q4",11.63333,
"ITA","HUR","TOT","PC_LF","Q","2013-Q1",12.13333,
"ITA","HUR","TOT","PC_LF","Q","2013-Q2",12.36667,
"ITA","HUR","TOT","PC_LF","Q","2013-Q3",12.36667,
"ITA","HUR","TOT","PC_LF","Q","2013-Q4",12.56667,
"ITA","HUR","TOT","PC_LF","Q","2014-Q1",12.9,
"ITA","HUR","TOT","PC_LF","Q","2014-Q2",12.63333,
"ITA","HUR","TOT","PC_LF","Q","2014-Q3",12.73333,
"ITA","HUR","TOT","PC_LF","Q","2014-Q4",12.83333,
"ITA","HUR","TOT","PC_LF","Q","2015-Q1",12.53333,
"ITA","HUR","TOT","PC_LF","Q","2015-Q2",12.23333,
"ITA","HUR","TOT","PC_LF","Q","2015-Q3",11.63333,
"ITA","HUR","TOT","PC_LF","Q","2015-Q4",11.66667,
"ITA","HUR","TOT","PC_LF","Q","2016-Q1",11.7,
"ITA","HUR","TOT","PC_LF","Q","2016-Q2",11.7,
"ITA","HUR","TOT","PC_LF","Q","2016-Q3",11.63333,
"ITA","HUR","TOT","PC_LF","Q","2016-Q4",11.83333,
"ITA","HUR","TOT","PC_LF","Q","2017-Q1",11.66667,
"ITA","HUR","TOT","PC_LF","Q","2017-Q2",11.26667,
"ITA","HUR","TOT","PC_LF","Q","2017-Q3",11.3,
"ITA","HUR","TOT","PC_LF","Q","2017-Q4",11,
"ITA","HUR","TOT","PC_LF","Q","2018-Q1",10.93333,
"ITA","HUR","TOT","PC_LF","Q","2018-Q2",10.8,
"ITA","HUR","TOT","PC_LF","Q","2018-Q3",10.26667,
"ITA","HUR","TOT","PC_LF","Q","2018-Q4",10.5,
"ITA","HUR","TOT","PC_LF","Q","2019-Q1",10.33333,
"ITA","HUR","TOT","PC_LF","Q","2019-Q2",9.966666,
"ITA","HUR","TOT","PC_LF","Q","2019-Q3",9.6,
"ITA","HUR","TOT","PC_LF","Q","2019-Q4",9.666667,
"ITA","HUR","TOT","PC_LF","Q","2020-Q1",9,
"ITA","HUR","TOT","PC_LF","Q","2020-Q2",8.6,
"ITA","HUR","TOT","PC_LF","Q","2020-Q3",10,
"ITA","HUR","TOT","PC_LF","Q","2020-Q4",9.766666,
"ITA","HUR","TOT","PC_LF","Q","2021-Q1",10.13333,
"ITA","HUR","TOT","PC_LF","Q","2021-Q2",9.8,
"ITA","HUR","TOT","PC_LF","Q","2021-Q3",9.1,
"ITA","HUR","TOT","PC_LF","Q","2021-Q4",9.133333,
"LUX","HUR","TOT","PC_LF","Q","2000-Q1",2.3,
"LUX","HUR","TOT","PC_LF","Q","2000-Q2",2.3,
"LUX","HUR","TOT","PC_LF","Q","2000-Q3",2.233333,
"LUX","HUR","TOT","PC_LF","Q","2000-Q4",2.033333,
"LUX","HUR","TOT","PC_LF","Q","2001-Q1",1.866667,
"LUX","HUR","TOT","PC_LF","Q","2001-Q2",1.866667,
"LUX","HUR","TOT","PC_LF","Q","2001-Q3",1.9,
"LUX","HUR","TOT","PC_LF","Q","2001-Q4",2,
"LUX","HUR","TOT","PC_LF","Q","2002-Q1",2.133333,
"LUX","HUR","TOT","PC_LF","Q","2002-Q2",2.433333,
"LUX","HUR","TOT","PC_LF","Q","2002-Q3",2.7,
"LUX","HUR","TOT","PC_LF","Q","2002-Q4",2.966667,
"LUX","HUR","TOT","PC_LF","Q","2003-Q1",3.3,
"LUX","HUR","TOT","PC_LF","Q","2003-Q2",3.6,
"LUX","HUR","TOT","PC_LF","Q","2003-Q3",3.933333,
"LUX","HUR","TOT","PC_LF","Q","2003-Q4",4.333333,
"LUX","HUR","TOT","PC_LF","Q","2004-Q1",4.733333,
"LUX","HUR","TOT","PC_LF","Q","2004-Q2",5,
"LUX","HUR","TOT","PC_LF","Q","2004-Q3",5.066667,
"LUX","HUR","TOT","PC_LF","Q","2004-Q4",4.966667,
"LUX","HUR","TOT","PC_LF","Q","2005-Q1",4.766667,
"LUX","HUR","TOT","PC_LF","Q","2005-Q2",4.666667,
"LUX","HUR","TOT","PC_LF","Q","2005-Q3",4.533333,
"LUX","HUR","TOT","PC_LF","Q","2005-Q4",4.633333,
"LUX","HUR","TOT","PC_LF","Q","2006-Q1",4.566667,
"LUX","HUR","TOT","PC_LF","Q","2006-Q2",4.533333,
"LUX","HUR","TOT","PC_LF","Q","2006-Q3",4.566667,
"LUX","HUR","TOT","PC_LF","Q","2006-Q4",4.6,
"LUX","HUR","TOT","PC_LF","Q","2007-Q1",4.4,
"LUX","HUR","TOT","PC_LF","Q","2007-Q2",4.133333,
"LUX","HUR","TOT","PC_LF","Q","2007-Q3",4,
"LUX","HUR","TOT","PC_LF","Q","2007-Q4",4.166667,
"LUX","HUR","TOT","PC_LF","Q","2008-Q1",4.4,
"LUX","HUR","TOT","PC_LF","Q","2008-Q2",4.8,
"LUX","HUR","TOT","PC_LF","Q","2008-Q3",5,
"LUX","HUR","TOT","PC_LF","Q","2008-Q4",5.233333,
"LUX","HUR","TOT","PC_LF","Q","2009-Q1",5.4,
"LUX","HUR","TOT","PC_LF","Q","2009-Q2",5.266667,
"LUX","HUR","TOT","PC_LF","Q","2009-Q3",5.033333,
"LUX","HUR","TOT","PC_LF","Q","2009-Q4",4.9,
"LUX","HUR","TOT","PC_LF","Q","2010-Q1",4.633333,
"LUX","HUR","TOT","PC_LF","Q","2010-Q2",4.433333,
"LUX","HUR","TOT","PC_LF","Q","2010-Q3",4.433333,
"LUX","HUR","TOT","PC_LF","Q","2010-Q4",4.733333,
"LUX","HUR","TOT","PC_LF","Q","2011-Q1",4.7,
"LUX","HUR","TOT","PC_LF","Q","2011-Q2",4.766667,
"LUX","HUR","TOT","PC_LF","Q","2011-Q3",5,
"LUX","HUR","TOT","PC_LF","Q","2011-Q4",4.833333,
"LUX","HUR","TOT","PC_LF","Q","2012-Q1",5,
"LUX","HUR","TOT","PC_LF","Q","2012-Q2",5.066667,
"LUX","HUR","TOT","PC_LF","Q","2012-Q3",5.033333,
"LUX","HUR","TOT","PC_LF","Q","2012-Q4",5.3,
"LUX","HUR","TOT","PC_LF","Q","2013-Q1",5.6,
"LUX","HUR","TOT","PC_LF","Q","2013-Q2",5.8,
"LUX","HUR","TOT","PC_LF","Q","2013-Q3",5.933333,
"LUX","HUR","TOT","PC_LF","Q","2013-Q4",6,
"LUX","HUR","TOT","PC_LF","Q","2014-Q1",5.966667,
"LUX","HUR","TOT","PC_LF","Q","2014-Q2",5.966667,
"LUX","HUR","TOT","PC_LF","Q","2014-Q3",6.033333,
"LUX","HUR","TOT","PC_LF","Q","2014-Q4",6.166667,
"LUX","HUR","TOT","PC_LF","Q","2015-Q1",6.366667,
"LUX","HUR","TOT","PC_LF","Q","2015-Q2",6.5,
"LUX","HUR","TOT","PC_LF","Q","2015-Q3",6.5,
"LUX","HUR","TOT","PC_LF","Q","2015-Q4",6.5,
"LUX","HUR","TOT","PC_LF","Q","2016-Q1",6.4,
"LUX","HUR","TOT","PC_LF","Q","2016-Q2",6.3,
"LUX","HUR","TOT","PC_LF","Q","2016-Q3",6.3,
"LUX","HUR","TOT","PC_LF","Q","2016-Q4",6.3,
"LUX","HUR","TOT","PC_LF","Q","2017-Q1",5.866667,
"LUX","HUR","TOT","PC_LF","Q","2017-Q2",5.533333,
"LUX","HUR","TOT","PC_LF","Q","2017-Q3",5.533333,
"LUX","HUR","TOT","PC_LF","Q","2017-Q4",5.466667,
"LUX","HUR","TOT","PC_LF","Q","2018-Q1",5.5,
"LUX","HUR","TOT","PC_LF","Q","2018-Q2",5.566667,
"LUX","HUR","TOT","PC_LF","Q","2018-Q3",5.633333,
"LUX","HUR","TOT","PC_LF","Q","2018-Q4",5.366667,
"LUX","HUR","TOT","PC_LF","Q","2019-Q1",5.4,
"LUX","HUR","TOT","PC_LF","Q","2019-Q2",5.7,
"LUX","HUR","TOT","PC_LF","Q","2019-Q3",5.633333,
"LUX","HUR","TOT","PC_LF","Q","2019-Q4",5.566667,
"LUX","HUR","TOT","PC_LF","Q","2020-Q1",5.966667,
"LUX","HUR","TOT","PC_LF","Q","2020-Q2",7.566667,
"LUX","HUR","TOT","PC_LF","Q","2020-Q3",6.766667,
"LUX","HUR","TOT","PC_LF","Q","2020-Q4",6.266667,
"LUX","HUR","TOT","PC_LF","Q","2021-Q1",6.2,
"LUX","HUR","TOT","PC_LF","Q","2021-Q2",5.866667,
"LUX","HUR","TOT","PC_LF","Q","2021-Q3",5.266667,
"LUX","HUR","TOT","PC_LF","Q","2021-Q4",4.966667,
"NLD","HUR","TOT","PC_LF","Q","2000-Q1",3.866667,
"NLD","HUR","TOT","PC_LF","Q","2000-Q2",3.733333,
"NLD","HUR","TOT","PC_LF","Q","2000-Q3",3.566667,
"NLD","HUR","TOT","PC_LF","Q","2000-Q4",3.366667,
"NLD","HUR","TOT","PC_LF","Q","2001-Q1",3.2,
"NLD","HUR","TOT","PC_LF","Q","2001-Q2",3.1,
"NLD","HUR","TOT","PC_LF","Q","2001-Q3",3.1,
"NLD","HUR","TOT","PC_LF","Q","2001-Q4",3.133333,
"NLD","HUR","TOT","PC_LF","Q","2002-Q1",3.3,
"NLD","HUR","TOT","PC_LF","Q","2002-Q2",3.5,
"NLD","HUR","TOT","PC_LF","Q","2002-Q3",3.8,
"NLD","HUR","TOT","PC_LF","Q","2002-Q4",4.1,
"NLD","HUR","TOT","PC_LF","Q","2003-Q1",5.433333,
"NLD","HUR","TOT","PC_LF","Q","2003-Q2",5.8,
"NLD","HUR","TOT","PC_LF","Q","2003-Q3",6.1,
"NLD","HUR","TOT","PC_LF","Q","2003-Q4",6.366667,
"NLD","HUR","TOT","PC_LF","Q","2004-Q1",6.6,
"NLD","HUR","TOT","PC_LF","Q","2004-Q2",6.933333,
"NLD","HUR","TOT","PC_LF","Q","2004-Q3",6.733333,
"NLD","HUR","TOT","PC_LF","Q","2004-Q4",6.866667,
"NLD","HUR","TOT","PC_LF","Q","2005-Q1",7.1,
"NLD","HUR","TOT","PC_LF","Q","2005-Q2",7.1,
"NLD","HUR","TOT","PC_LF","Q","2005-Q3",6.933333,
"NLD","HUR","TOT","PC_LF","Q","2005-Q4",6.833333,
"NLD","HUR","TOT","PC_LF","Q","2006-Q1",6.433333,
"NLD","HUR","TOT","PC_LF","Q","2006-Q2",6.133333,
"NLD","HUR","TOT","PC_LF","Q","2006-Q3",5.933333,
"NLD","HUR","TOT","PC_LF","Q","2006-Q4",5.866667,
"NLD","HUR","TOT","PC_LF","Q","2007-Q1",5.633333,
"NLD","HUR","TOT","PC_LF","Q","2007-Q2",5.266667,
"NLD","HUR","TOT","PC_LF","Q","2007-Q3",5.233333,
"NLD","HUR","TOT","PC_LF","Q","2007-Q4",5.066667,
"NLD","HUR","TOT","PC_LF","Q","2008-Q1",4.8,
"NLD","HUR","TOT","PC_LF","Q","2008-Q2",4.8,
"NLD","HUR","TOT","PC_LF","Q","2008-Q3",4.733333,
"NLD","HUR","TOT","PC_LF","Q","2008-Q4",4.733333,
"NLD","HUR","TOT","PC_LF","Q","2009-Q1",4.9,
"NLD","HUR","TOT","PC_LF","Q","2009-Q2",5.233333,
"NLD","HUR","TOT","PC_LF","Q","2009-Q3",5.6,
"NLD","HUR","TOT","PC_LF","Q","2009-Q4",5.933333,
"NLD","HUR","TOT","PC_LF","Q","2010-Q1",6.2,
"NLD","HUR","TOT","PC_LF","Q","2010-Q2",6.133333,
"NLD","HUR","TOT","PC_LF","Q","2010-Q3",6.1,
"NLD","HUR","TOT","PC_LF","Q","2010-Q4",5.933333,
"NLD","HUR","TOT","PC_LF","Q","2011-Q1",5.8,
"NLD","HUR","TOT","PC_LF","Q","2011-Q2",5.766667,
"NLD","HUR","TOT","PC_LF","Q","2011-Q3",6.066667,
"NLD","HUR","TOT","PC_LF","Q","2011-Q4",6.5,
"NLD","HUR","TOT","PC_LF","Q","2012-Q1",6.533333,
"NLD","HUR","TOT","PC_LF","Q","2012-Q2",6.733333,
"NLD","HUR","TOT","PC_LF","Q","2012-Q3",6.833333,
"NLD","HUR","TOT","PC_LF","Q","2012-Q4",7.2,
"NLD","HUR","TOT","PC_LF","Q","2013-Q1",7.7,
"NLD","HUR","TOT","PC_LF","Q","2013-Q2",8.133333,
"NLD","HUR","TOT","PC_LF","Q","2013-Q3",8.5,
"NLD","HUR","TOT","PC_LF","Q","2013-Q4",8.466666,
"NLD","HUR","TOT","PC_LF","Q","2014-Q1",8.666667,
"NLD","HUR","TOT","PC_LF","Q","2014-Q2",8.466666,
"NLD","HUR","TOT","PC_LF","Q","2014-Q3",8.1,
"NLD","HUR","TOT","PC_LF","Q","2014-Q4",8.133333,
"NLD","HUR","TOT","PC_LF","Q","2015-Q1",8.166667,
"NLD","HUR","TOT","PC_LF","Q","2015-Q2",8,
"NLD","HUR","TOT","PC_LF","Q","2015-Q3",7.733333,
"NLD","HUR","TOT","PC_LF","Q","2015-Q4",7.733333,
"NLD","HUR","TOT","PC_LF","Q","2016-Q1",7.433333,
"NLD","HUR","TOT","PC_LF","Q","2016-Q2",7.233333,
"NLD","HUR","TOT","PC_LF","Q","2016-Q3",6.833333,
"NLD","HUR","TOT","PC_LF","Q","2016-Q4",6.533333,
"NLD","HUR","TOT","PC_LF","Q","2017-Q1",6.3,
"NLD","HUR","TOT","PC_LF","Q","2017-Q2",6.066667,
"NLD","HUR","TOT","PC_LF","Q","2017-Q3",5.766667,
"NLD","HUR","TOT","PC_LF","Q","2017-Q4",5.433333,
"NLD","HUR","TOT","PC_LF","Q","2018-Q1",5.1,
"NLD","HUR","TOT","PC_LF","Q","2018-Q2",4.9,
"NLD","HUR","TOT","PC_LF","Q","2018-Q3",4.866667,
"NLD","HUR","TOT","PC_LF","Q","2018-Q4",4.633333,
"NLD","HUR","TOT","PC_LF","Q","2019-Q1",4.466667,
"NLD","HUR","TOT","PC_LF","Q","2019-Q2",4.333333,
"NLD","HUR","TOT","PC_LF","Q","2019-Q3",4.466667,
"NLD","HUR","TOT","PC_LF","Q","2019-Q4",4.433333,
"NLD","HUR","TOT","PC_LF","Q","2020-Q1",4.066667,
"NLD","HUR","TOT","PC_LF","Q","2020-Q2",4.833333,
"NLD","HUR","TOT","PC_LF","Q","2020-Q3",5.466667,
"NLD","HUR","TOT","PC_LF","Q","2020-Q4",5.066667,
"NLD","HUR","TOT","PC_LF","Q","2021-Q1",4.666667,
"NLD","HUR","TOT","PC_LF","Q","2021-Q2",4.366667,
"NLD","HUR","TOT","PC_LF","Q","2021-Q3",4.133333,
"NLD","HUR","TOT","PC_LF","Q","2021-Q4",3.8,
"PRT","HUR","TOT","PC_LF","Q","2000-Q1",5.433333,
"PRT","HUR","TOT","PC_LF","Q","2000-Q2",5.233333,
"PRT","HUR","TOT","PC_LF","Q","2000-Q3",5.3,
"PRT","HUR","TOT","PC_LF","Q","2000-Q4",5.066667,
"PRT","HUR","TOT","PC_LF","Q","2001-Q1",5.266667,
"PRT","HUR","TOT","PC_LF","Q","2001-Q2",5.4,
"PRT","HUR","TOT","PC_LF","Q","2001-Q3",5.433333,
"PRT","HUR","TOT","PC_LF","Q","2001-Q4",5.4,
"PRT","HUR","TOT","PC_LF","Q","2002-Q1",5.633333,
"PRT","HUR","TOT","PC_LF","Q","2002-Q2",6.133333,
"PRT","HUR","TOT","PC_LF","Q","2002-Q3",6.633333,
"PRT","HUR","TOT","PC_LF","Q","2002-Q4",7.466667,
"PRT","HUR","TOT","PC_LF","Q","2003-Q1",7.666667,
"PRT","HUR","TOT","PC_LF","Q","2003-Q2",7.9,
"PRT","HUR","TOT","PC_LF","Q","2003-Q3",7.8,
"PRT","HUR","TOT","PC_LF","Q","2003-Q4",7.866667,
"PRT","HUR","TOT","PC_LF","Q","2004-Q1",7.566667,
"PRT","HUR","TOT","PC_LF","Q","2004-Q2",8.066667,
"PRT","HUR","TOT","PC_LF","Q","2004-Q3",8.4,
"PRT","HUR","TOT","PC_LF","Q","2004-Q4",8.566667,
"PRT","HUR","TOT","PC_LF","Q","2005-Q1",8.8,
"PRT","HUR","TOT","PC_LF","Q","2005-Q2",9.133333,
"PRT","HUR","TOT","PC_LF","Q","2005-Q3",9.466666,
"PRT","HUR","TOT","PC_LF","Q","2005-Q4",9.433333,
"PRT","HUR","TOT","PC_LF","Q","2006-Q1",9.133333,
"PRT","HUR","TOT","PC_LF","Q","2006-Q2",9.1,
"PRT","HUR","TOT","PC_LF","Q","2006-Q3",9.333333,
"PRT","HUR","TOT","PC_LF","Q","2006-Q4",9.666667,
"PRT","HUR","TOT","PC_LF","Q","2007-Q1",9.733334,
"PRT","HUR","TOT","PC_LF","Q","2007-Q2",9.733334,
"PRT","HUR","TOT","PC_LF","Q","2007-Q3",9.566667,
"PRT","HUR","TOT","PC_LF","Q","2007-Q4",9.333333,
"PRT","HUR","TOT","PC_LF","Q","2008-Q1",8.966666,
"PRT","HUR","TOT","PC_LF","Q","2008-Q2",9.133333,
"PRT","HUR","TOT","PC_LF","Q","2008-Q3",9.333333,
"PRT","HUR","TOT","PC_LF","Q","2008-Q4",9.5,
"PRT","HUR","TOT","PC_LF","Q","2009-Q1",10.23333,
"PRT","HUR","TOT","PC_LF","Q","2009-Q2",11.03333,
"PRT","HUR","TOT","PC_LF","Q","2009-Q3",11.76667,
"PRT","HUR","TOT","PC_LF","Q","2009-Q4",11.86667,
"PRT","HUR","TOT","PC_LF","Q","2010-Q1",12,
"PRT","HUR","TOT","PC_LF","Q","2010-Q2",12.7,
"PRT","HUR","TOT","PC_LF","Q","2010-Q3",12.93333,
"PRT","HUR","TOT","PC_LF","Q","2010-Q4",12.7,
"PRT","HUR","TOT","PC_LF","Q","2011-Q1",12.86667,
"PRT","HUR","TOT","PC_LF","Q","2011-Q2",13.03333,
"PRT","HUR","TOT","PC_LF","Q","2011-Q3",13.5,
"PRT","HUR","TOT","PC_LF","Q","2011-Q4",14.6,
"PRT","HUR","TOT","PC_LF","Q","2012-Q1",15.36667,
"PRT","HUR","TOT","PC_LF","Q","2012-Q2",16.23333,
"PRT","HUR","TOT","PC_LF","Q","2012-Q3",16.9,
"PRT","HUR","TOT","PC_LF","Q","2012-Q4",17.83333,
"PRT","HUR","TOT","PC_LF","Q","2013-Q1",18.1,
"PRT","HUR","TOT","PC_LF","Q","2013-Q2",17.7,
"PRT","HUR","TOT","PC_LF","Q","2013-Q3",16.93333,
"PRT","HUR","TOT","PC_LF","Q","2013-Q4",16.03333,
"PRT","HUR","TOT","PC_LF","Q","2014-Q1",15.33333,
"PRT","HUR","TOT","PC_LF","Q","2014-Q2",14.96667,
"PRT","HUR","TOT","PC_LF","Q","2014-Q3",14.23333,
"PRT","HUR","TOT","PC_LF","Q","2014-Q4",13.96667,
"PRT","HUR","TOT","PC_LF","Q","2015-Q1",13.83333,
"PRT","HUR","TOT","PC_LF","Q","2015-Q2",12.9,
"PRT","HUR","TOT","PC_LF","Q","2015-Q3",12.76667,
"PRT","HUR","TOT","PC_LF","Q","2015-Q4",12.63333,
"PRT","HUR","TOT","PC_LF","Q","2016-Q1",12.3,
"PRT","HUR","TOT","PC_LF","Q","2016-Q2",11.63333,
"PRT","HUR","TOT","PC_LF","Q","2016-Q3",11.23333,
"PRT","HUR","TOT","PC_LF","Q","2016-Q4",10.66667,
"PRT","HUR","TOT","PC_LF","Q","2017-Q1",10.06667,
"PRT","HUR","TOT","PC_LF","Q","2017-Q2",9.533334,
"PRT","HUR","TOT","PC_LF","Q","2017-Q3",9,
"PRT","HUR","TOT","PC_LF","Q","2017-Q4",8.3,
"PRT","HUR","TOT","PC_LF","Q","2018-Q1",7.766667,
"PRT","HUR","TOT","PC_LF","Q","2018-Q2",7.166667,
"PRT","HUR","TOT","PC_LF","Q","2018-Q3",6.966667,
"PRT","HUR","TOT","PC_LF","Q","2018-Q4",6.766667,
"PRT","HUR","TOT","PC_LF","Q","2019-Q1",6.633333,
"PRT","HUR","TOT","PC_LF","Q","2019-Q2",6.7,
"PRT","HUR","TOT","PC_LF","Q","2019-Q3",6.6,
"PRT","HUR","TOT","PC_LF","Q","2019-Q4",6.733333,
"PRT","HUR","TOT","PC_LF","Q","2020-Q1",6.6,
"PRT","HUR","TOT","PC_LF","Q","2020-Q2",6.633333,
"PRT","HUR","TOT","PC_LF","Q","2020-Q3",8.1,
"PRT","HUR","TOT","PC_LF","Q","2020-Q4",7.233333,
"PRT","HUR","TOT","PC_LF","Q","2021-Q1",6.833333,
"PRT","HUR","TOT","PC_LF","Q","2021-Q2",6.933333,
"PRT","HUR","TOT","PC_LF","Q","2021-Q3",6.433333,
"PRT","HUR","TOT","PC_LF","Q","2021-Q4",6.166667,
"SVK","HUR","TOT","PC_LF","Q","2000-Q1",18.5,
"SVK","HUR","TOT","PC_LF","Q","2000-Q2",19.16667,
"SVK","HUR","TOT","PC_LF","Q","2000-Q3",18.96667,
"SVK","HUR","TOT","PC_LF","Q","2000-Q4",18.96667,
"SVK","HUR","TOT","PC_LF","Q","2001-Q1",19.36667,
"SVK","HUR","TOT","PC_LF","Q","2001-Q2",19.53333,
"SVK","HUR","TOT","PC_LF","Q","2001-Q3",19.46667,
"SVK","HUR","TOT","PC_LF","Q","2001-Q4",19.46667,
"SVK","HUR","TOT","PC_LF","Q","2002-Q1",19,
"SVK","HUR","TOT","PC_LF","Q","2002-Q2",18.93333,
"SVK","HUR","TOT","PC_LF","Q","2002-Q3",18.76667,
"SVK","HUR","TOT","PC_LF","Q","2002-Q4",18.6,
"SVK","HUR","TOT","PC_LF","Q","2003-Q1",18,
"SVK","HUR","TOT","PC_LF","Q","2003-Q2",17.33333,
"SVK","HUR","TOT","PC_LF","Q","2003-Q3",17.5,
"SVK","HUR","TOT","PC_LF","Q","2003-Q4",17.96667,
"SVK","HUR","TOT","PC_LF","Q","2004-Q1",18.9,
"SVK","HUR","TOT","PC_LF","Q","2004-Q2",18.8,
"SVK","HUR","TOT","PC_LF","Q","2004-Q3",18.03333,
"SVK","HUR","TOT","PC_LF","Q","2004-Q4",17.7,
"SVK","HUR","TOT","PC_LF","Q","2005-Q1",17.13333,
"SVK","HUR","TOT","PC_LF","Q","2005-Q2",16.53333,
"SVK","HUR","TOT","PC_LF","Q","2005-Q3",16.06667,
"SVK","HUR","TOT","PC_LF","Q","2005-Q4",15.7,
"SVK","HUR","TOT","PC_LF","Q","2006-Q1",14.63333,
"SVK","HUR","TOT","PC_LF","Q","2006-Q2",13.7,
"SVK","HUR","TOT","PC_LF","Q","2006-Q3",13.06667,
"SVK","HUR","TOT","PC_LF","Q","2006-Q4",12.36667,
"SVK","HUR","TOT","PC_LF","Q","2007-Q1",11.43333,
"SVK","HUR","TOT","PC_LF","Q","2007-Q2",11.33333,
"SVK","HUR","TOT","PC_LF","Q","2007-Q3",11.43333,
"SVK","HUR","TOT","PC_LF","Q","2007-Q4",10.66667,
"SVK","HUR","TOT","PC_LF","Q","2008-Q1",10.3,
"SVK","HUR","TOT","PC_LF","Q","2008-Q2",10.1,
"SVK","HUR","TOT","PC_LF","Q","2008-Q3",9.066667,
"SVK","HUR","TOT","PC_LF","Q","2008-Q4",8.9,"B"
"SVK","HUR","TOT","PC_LF","Q","2009-Q1",10.33333,
"SVK","HUR","TOT","PC_LF","Q","2009-Q2",11.6,
"SVK","HUR","TOT","PC_LF","Q","2009-Q3",12.66667,
"SVK","HUR","TOT","PC_LF","Q","2009-Q4",13.8,
"SVK","HUR","TOT","PC_LF","Q","2010-Q1",14.7,
"SVK","HUR","TOT","PC_LF","Q","2010-Q2",14.6,
"SVK","HUR","TOT","PC_LF","Q","2010-Q3",14.3,
"SVK","HUR","TOT","PC_LF","Q","2010-Q4",13.93333,
"SVK","HUR","TOT","PC_LF","Q","2011-Q1",13.7,
"SVK","HUR","TOT","PC_LF","Q","2011-Q2",13.5,
"SVK","HUR","TOT","PC_LF","Q","2011-Q3",13.5,
"SVK","HUR","TOT","PC_LF","Q","2011-Q4",13.8,
"SVK","HUR","TOT","PC_LF","Q","2012-Q1",13.76667,
"SVK","HUR","TOT","PC_LF","Q","2012-Q2",13.8,
"SVK","HUR","TOT","PC_LF","Q","2012-Q3",13.83333,
"SVK","HUR","TOT","PC_LF","Q","2012-Q4",14.16667,
"SVK","HUR","TOT","PC_LF","Q","2013-Q1",14.33333,
"SVK","HUR","TOT","PC_LF","Q","2013-Q2",14.23333,
"SVK","HUR","TOT","PC_LF","Q","2013-Q3",14.1,
"SVK","HUR","TOT","PC_LF","Q","2013-Q4",13.96667,
"SVK","HUR","TOT","PC_LF","Q","2014-Q1",13.7,
"SVK","HUR","TOT","PC_LF","Q","2014-Q2",13.26667,
"SVK","HUR","TOT","PC_LF","Q","2014-Q3",12.9,
"SVK","HUR","TOT","PC_LF","Q","2014-Q4",12.5,
"SVK","HUR","TOT","PC_LF","Q","2015-Q1",12.1,
"SVK","HUR","TOT","PC_LF","Q","2015-Q2",11.53333,
"SVK","HUR","TOT","PC_LF","Q","2015-Q3",11.3,
"SVK","HUR","TOT","PC_LF","Q","2015-Q4",10.86667,
"SVK","HUR","TOT","PC_LF","Q","2016-Q1",10.26667,
"SVK","HUR","TOT","PC_LF","Q","2016-Q2",9.866667,
"SVK","HUR","TOT","PC_LF","Q","2016-Q3",9.466666,
"SVK","HUR","TOT","PC_LF","Q","2016-Q4",8.966666,
"SVK","HUR","TOT","PC_LF","Q","2017-Q1",8.533334,
"SVK","HUR","TOT","PC_LF","Q","2017-Q2",8.233334,
"SVK","HUR","TOT","PC_LF","Q","2017-Q3",7.833333,
"SVK","HUR","TOT","PC_LF","Q","2017-Q4",7.6,
"SVK","HUR","TOT","PC_LF","Q","2018-Q1",7.1,
"SVK","HUR","TOT","PC_LF","Q","2018-Q2",6.7,
"SVK","HUR","TOT","PC_LF","Q","2018-Q3",6.266667,
"SVK","HUR","TOT","PC_LF","Q","2018-Q4",6.1,
"SVK","HUR","TOT","PC_LF","Q","2019-Q1",5.8,
"SVK","HUR","TOT","PC_LF","Q","2019-Q2",5.7,
"SVK","HUR","TOT","PC_LF","Q","2019-Q3",5.666667,
"SVK","HUR","TOT","PC_LF","Q","2019-Q4",5.7,
"SVK","HUR","TOT","PC_LF","Q","2020-Q1",5.966667,
"SVK","HUR","TOT","PC_LF","Q","2020-Q2",6.6,
"SVK","HUR","TOT","PC_LF","Q","2020-Q3",7,
"SVK","HUR","TOT","PC_LF","Q","2020-Q4",7.033333,
"SVK","HUR","TOT","PC_LF","Q","2021-Q1",7.133333,
"SVK","HUR","TOT","PC_LF","Q","2021-Q2",7,
"SVK","HUR","TOT","PC_LF","Q","2021-Q3",6.6,
"SVK","HUR","TOT","PC_LF","Q","2021-Q4",6.4,
"ESP","HUR","TOT","PC_LF","Q","2000-Q1",12.46667,
"ESP","HUR","TOT","PC_LF","Q","2000-Q2",11.93333,
"ESP","HUR","TOT","PC_LF","Q","2000-Q3",11.8,
"ESP","HUR","TOT","PC_LF","Q","2000-Q4",11.46667,
"ESP","HUR","TOT","PC_LF","Q","2001-Q1",10.66667,
"ESP","HUR","TOT","PC_LF","Q","2001-Q2",10.5,
"ESP","HUR","TOT","PC_LF","Q","2001-Q3",10.53333,
"ESP","HUR","TOT","PC_LF","Q","2001-Q4",10.6,
"ESP","HUR","TOT","PC_LF","Q","2002-Q1",11.26667,
"ESP","HUR","TOT","PC_LF","Q","2002-Q2",11.26667,
"ESP","HUR","TOT","PC_LF","Q","2002-Q3",11.73333,
"ESP","HUR","TOT","PC_LF","Q","2002-Q4",11.6,
"ESP","HUR","TOT","PC_LF","Q","2003-Q1",11.66667,
"ESP","HUR","TOT","PC_LF","Q","2003-Q2",11.4,
"ESP","HUR","TOT","PC_LF","Q","2003-Q3",11.53333,
"ESP","HUR","TOT","PC_LF","Q","2003-Q4",11.36667,
"ESP","HUR","TOT","PC_LF","Q","2004-Q1",11.2,
"ESP","HUR","TOT","PC_LF","Q","2004-Q2",11.2,
"ESP","HUR","TOT","PC_LF","Q","2004-Q3",10.96667,
"ESP","HUR","TOT","PC_LF","Q","2004-Q4",10.53333,
"ESP","HUR","TOT","PC_LF","Q","2005-Q1",9.9,
"ESP","HUR","TOT","PC_LF","Q","2005-Q2",9.4,
"ESP","HUR","TOT","PC_LF","Q","2005-Q3",8.633333,
"ESP","HUR","TOT","PC_LF","Q","2005-Q4",8.7,
"ESP","HUR","TOT","PC_LF","Q","2006-Q1",8.733334,
"ESP","HUR","TOT","PC_LF","Q","2006-Q2",8.5,
"ESP","HUR","TOT","PC_LF","Q","2006-Q3",8.266666,
"ESP","HUR","TOT","PC_LF","Q","2006-Q4",8.266666,
"ESP","HUR","TOT","PC_LF","Q","2007-Q1",8.2,
"ESP","HUR","TOT","PC_LF","Q","2007-Q2",7.966667,
"ESP","HUR","TOT","PC_LF","Q","2007-Q3",8.233334,
"ESP","HUR","TOT","PC_LF","Q","2007-Q4",8.6,
"ESP","HUR","TOT","PC_LF","Q","2008-Q1",9.3,
"ESP","HUR","TOT","PC_LF","Q","2008-Q2",10.4,
"ESP","HUR","TOT","PC_LF","Q","2008-Q3",11.53333,
"ESP","HUR","TOT","PC_LF","Q","2008-Q4",13.83333,
"ESP","HUR","TOT","PC_LF","Q","2009-Q1",16.73333,
"ESP","HUR","TOT","PC_LF","Q","2009-Q2",17.86667,
"ESP","HUR","TOT","PC_LF","Q","2009-Q3",18.2,
"ESP","HUR","TOT","PC_LF","Q","2009-Q4",18.73333,
"ESP","HUR","TOT","PC_LF","Q","2010-Q1",19.33333,
"ESP","HUR","TOT","PC_LF","Q","2010-Q2",19.93333,
"ESP","HUR","TOT","PC_LF","Q","2010-Q3",19.96667,
"ESP","HUR","TOT","PC_LF","Q","2010-Q4",20.23333,
"ESP","HUR","TOT","PC_LF","Q","2011-Q1",20.56667,
"ESP","HUR","TOT","PC_LF","Q","2011-Q2",20.73333,
"ESP","HUR","TOT","PC_LF","Q","2011-Q3",21.7,
"ESP","HUR","TOT","PC_LF","Q","2011-Q4",22.7,
"ESP","HUR","TOT","PC_LF","Q","2012-Q1",23.63333,
"ESP","HUR","TOT","PC_LF","Q","2012-Q2",24.53333,
"ESP","HUR","TOT","PC_LF","Q","2012-Q3",25.26667,
"ESP","HUR","TOT","PC_LF","Q","2012-Q4",25.93333,
"ESP","HUR","TOT","PC_LF","Q","2013-Q1",26.33333,
"ESP","HUR","TOT","PC_LF","Q","2013-Q2",26.16667,
"ESP","HUR","TOT","PC_LF","Q","2013-Q3",26.1,
"ESP","HUR","TOT","PC_LF","Q","2013-Q4",25.83333,
"ESP","HUR","TOT","PC_LF","Q","2014-Q1",25.33333,
"ESP","HUR","TOT","PC_LF","Q","2014-Q2",24.56667,
"ESP","HUR","TOT","PC_LF","Q","2014-Q3",24.1,
"ESP","HUR","TOT","PC_LF","Q","2014-Q4",23.8,
"ESP","HUR","TOT","PC_LF","Q","2015-Q1",23.2,
"ESP","HUR","TOT","PC_LF","Q","2015-Q2",22.43333,
"ESP","HUR","TOT","PC_LF","Q","2015-Q3",21.53333,
"ESP","HUR","TOT","PC_LF","Q","2015-Q4",21,
"ESP","HUR","TOT","PC_LF","Q","2016-Q1",20.46667,
"ESP","HUR","TOT","PC_LF","Q","2016-Q2",20.06667,
"ESP","HUR","TOT","PC_LF","Q","2016-Q3",19.26667,
"ESP","HUR","TOT","PC_LF","Q","2016-Q4",18.73333,
"ESP","HUR","TOT","PC_LF","Q","2017-Q1",18.3,
"ESP","HUR","TOT","PC_LF","Q","2017-Q2",17.3,
"ESP","HUR","TOT","PC_LF","Q","2017-Q3",16.63333,
"ESP","HUR","TOT","PC_LF","Q","2017-Q4",16.63333,
"ESP","HUR","TOT","PC_LF","Q","2018-Q1",16.33333,
"ESP","HUR","TOT","PC_LF","Q","2018-Q2",15.4,
"ESP","HUR","TOT","PC_LF","Q","2018-Q3",14.73333,
"ESP","HUR","TOT","PC_LF","Q","2018-Q4",14.56667,
"ESP","HUR","TOT","PC_LF","Q","2019-Q1",14.36667,
"ESP","HUR","TOT","PC_LF","Q","2019-Q2",14.13333,
"ESP","HUR","TOT","PC_LF","Q","2019-Q3",14.06667,
"ESP","HUR","TOT","PC_LF","Q","2019-Q4",13.86667,
"ESP","HUR","TOT","PC_LF","Q","2020-Q1",14.13333,
"ESP","HUR","TOT","PC_LF","Q","2020-Q2",15.43333,
"ESP","HUR","TOT","PC_LF","Q","2020-Q3",16.36667,
"ESP","HUR","TOT","PC_LF","Q","2020-Q4",16.26667,
"ESP","HUR","TOT","PC_LF","Q","2021-Q1",15.63333,
"ESP","HUR","TOT","PC_LF","Q","2021-Q2",15.36667,
"ESP","HUR","TOT","PC_LF","Q","2021-Q3",14.7,
"ESP","HUR","TOT","PC_LF","Q","2021-Q4",13.43333,
"EST","HUR","TOT","PC_LF","Q","2000-Q1",14.36667,
"EST","HUR","TOT","PC_LF","Q","2000-Q2",14.13333,
"EST","HUR","TOT","PC_LF","Q","2000-Q3",14.13333,
"EST","HUR","TOT","PC_LF","Q","2000-Q4",14.26667,
"EST","HUR","TOT","PC_LF","Q","2001-Q1",14.1,
"EST","HUR","TOT","PC_LF","Q","2001-Q2",13.56667,
"EST","HUR","TOT","PC_LF","Q","2001-Q3",12.8,
"EST","HUR","TOT","PC_LF","Q","2001-Q4",11.66667,
"EST","HUR","TOT","PC_LF","Q","2002-Q1",11.46667,
"EST","HUR","TOT","PC_LF","Q","2002-Q2",10.8,
"EST","HUR","TOT","PC_LF","Q","2002-Q3",11.3,
"EST","HUR","TOT","PC_LF","Q","2002-Q4",11.73333,
"EST","HUR","TOT","PC_LF","Q","2003-Q1",11.23333,
"EST","HUR","TOT","PC_LF","Q","2003-Q2",10.96667,
"EST","HUR","TOT","PC_LF","Q","2003-Q3",9.9,
"EST","HUR","TOT","PC_LF","Q","2003-Q4",9.7,
"EST","HUR","TOT","PC_LF","Q","2004-Q1",10.1,
"EST","HUR","TOT","PC_LF","Q","2004-Q2",9.733334,
"EST","HUR","TOT","PC_LF","Q","2004-Q3",10.2,
"EST","HUR","TOT","PC_LF","Q","2004-Q4",9.766666,
"EST","HUR","TOT","PC_LF","Q","2005-Q1",9.033334,
"EST","HUR","TOT","PC_LF","Q","2005-Q2",8.066667,
"EST","HUR","TOT","PC_LF","Q","2005-Q3",7.7,
"EST","HUR","TOT","PC_LF","Q","2005-Q4",7.2,
"EST","HUR","TOT","PC_LF","Q","2006-Q1",6.366667,
"EST","HUR","TOT","PC_LF","Q","2006-Q2",6.2,
"EST","HUR","TOT","PC_LF","Q","2006-Q3",5.8,
"EST","HUR","TOT","PC_LF","Q","2006-Q4",5.433333,
"EST","HUR","TOT","PC_LF","Q","2007-Q1",5,
"EST","HUR","TOT","PC_LF","Q","2007-Q2",4.833333,
"EST","HUR","TOT","PC_LF","Q","2007-Q3",4.1,
"EST","HUR","TOT","PC_LF","Q","2007-Q4",4.033333,
"EST","HUR","TOT","PC_LF","Q","2008-Q1",4.333333,
"EST","HUR","TOT","PC_LF","Q","2008-Q2",4.2,
"EST","HUR","TOT","PC_LF","Q","2008-Q3",6.1,
"EST","HUR","TOT","PC_LF","Q","2008-Q4",7.933333,"B"
"EST","HUR","TOT","PC_LF","Q","2009-Q1",11.16667,
"EST","HUR","TOT","PC_LF","Q","2009-Q2",12.86667,
"EST","HUR","TOT","PC_LF","Q","2009-Q3",14.26667,
"EST","HUR","TOT","PC_LF","Q","2009-Q4",15.86667,
"EST","HUR","TOT","PC_LF","Q","2010-Q1",18.63333,
"EST","HUR","TOT","PC_LF","Q","2010-Q2",18.1,
"EST","HUR","TOT","PC_LF","Q","2010-Q3",15.3,
"EST","HUR","TOT","PC_LF","Q","2010-Q4",14.13333,
"EST","HUR","TOT","PC_LF","Q","2011-Q1",14.03333,
"EST","HUR","TOT","PC_LF","Q","2011-Q2",12.8,
"EST","HUR","TOT","PC_LF","Q","2011-Q3",11.2,
"EST","HUR","TOT","PC_LF","Q","2011-Q4",11.3,
"EST","HUR","TOT","PC_LF","Q","2012-Q1",10.93333,
"EST","HUR","TOT","PC_LF","Q","2012-Q2",10.03333,
"EST","HUR","TOT","PC_LF","Q","2012-Q3",9.266666,
"EST","HUR","TOT","PC_LF","Q","2012-Q4",9.3,
"EST","HUR","TOT","PC_LF","Q","2013-Q1",9.533334,
"EST","HUR","TOT","PC_LF","Q","2013-Q2",7.866667,
"EST","HUR","TOT","PC_LF","Q","2013-Q3",7.9,
"EST","HUR","TOT","PC_LF","Q","2013-Q4",8.633333,
"EST","HUR","TOT","PC_LF","Q","2014-Q1",8.3,
"EST","HUR","TOT","PC_LF","Q","2014-Q2",7.233333,
"EST","HUR","TOT","PC_LF","Q","2014-Q3",7.166667,
"EST","HUR","TOT","PC_LF","Q","2014-Q4",6.533333,
"EST","HUR","TOT","PC_LF","Q","2015-Q1",6.866667,
"EST","HUR","TOT","PC_LF","Q","2015-Q2",6.4,
"EST","HUR","TOT","PC_LF","Q","2015-Q3",5.733333,
"EST","HUR","TOT","PC_LF","Q","2015-Q4",6.566667,
"EST","HUR","TOT","PC_LF","Q","2016-Q1",6.666667,
"EST","HUR","TOT","PC_LF","Q","2016-Q2",6.733333,
"EST","HUR","TOT","PC_LF","Q","2016-Q3",7.166667,
"EST","HUR","TOT","PC_LF","Q","2016-Q4",6.766667,
"EST","HUR","TOT","PC_LF","Q","2017-Q1",5.9,
"EST","HUR","TOT","PC_LF","Q","2017-Q2",6.233333,
"EST","HUR","TOT","PC_LF","Q","2017-Q3",5.533333,
"EST","HUR","TOT","PC_LF","Q","2017-Q4",5.7,
"EST","HUR","TOT","PC_LF","Q","2018-Q1",6.4,
"EST","HUR","TOT","PC_LF","Q","2018-Q2",5.133333,
"EST","HUR","TOT","PC_LF","Q","2018-Q3",5.333333,
"EST","HUR","TOT","PC_LF","Q","2018-Q4",4.733333,
"EST","HUR","TOT","PC_LF","Q","2019-Q1",4.5,
"EST","HUR","TOT","PC_LF","Q","2019-Q2",4.833333,
"EST","HUR","TOT","PC_LF","Q","2019-Q3",4.233333,
"EST","HUR","TOT","PC_LF","Q","2019-Q4",4.333333,
"EST","HUR","TOT","PC_LF","Q","2020-Q1",5.233333,
"EST","HUR","TOT","PC_LF","Q","2020-Q2",7,
"EST","HUR","TOT","PC_LF","Q","2020-Q3",7.633333,
"EST","HUR","TOT","PC_LF","Q","2020-Q4",7.566667,
"EST","HUR","TOT","PC_LF","Q","2021-Q1",6.966667,
"EST","HUR","TOT","PC_LF","Q","2021-Q2",6.633333,
"EST","HUR","TOT","PC_LF","Q","2021-Q3",5.9,
"EST","HUR","TOT","PC_LF","Q","2021-Q4",5.4,
"SVN","HUR","TOT","PC_LF","Q","2000-Q1",6.8,
"SVN","HUR","TOT","PC_LF","Q","2000-Q2",7.166667,
"SVN","HUR","TOT","PC_LF","Q","2000-Q3",6.8,
"SVN","HUR","TOT","PC_LF","Q","2000-Q4",6.233333,
"SVN","HUR","TOT","PC_LF","Q","2001-Q1",6.066667,
"SVN","HUR","TOT","PC_LF","Q","2001-Q2",5.933333,
"SVN","HUR","TOT","PC_LF","Q","2001-Q3",6.066667,
"SVN","HUR","TOT","PC_LF","Q","2001-Q4",6.7,
"SVN","HUR","TOT","PC_LF","Q","2002-Q1",6.566667,
"SVN","HUR","TOT","PC_LF","Q","2002-Q2",6.233333,
"SVN","HUR","TOT","PC_LF","Q","2002-Q3",6.233333,
"SVN","HUR","TOT","PC_LF","Q","2002-Q4",6.333333,
"SVN","HUR","TOT","PC_LF","Q","2003-Q1",6.666667,
"SVN","HUR","TOT","PC_LF","Q","2003-Q2",6.8,
"SVN","HUR","TOT","PC_LF","Q","2003-Q3",6.8,
"SVN","HUR","TOT","PC_LF","Q","2003-Q4",6.533333,
"SVN","HUR","TOT","PC_LF","Q","2004-Q1",6.5,
"SVN","HUR","TOT","PC_LF","Q","2004-Q2",6.333333,
"SVN","HUR","TOT","PC_LF","Q","2004-Q3",6.166667,
"SVN","HUR","TOT","PC_LF","Q","2004-Q4",6.3,
"SVN","HUR","TOT","PC_LF","Q","2005-Q1",6.433333,
"SVN","HUR","TOT","PC_LF","Q","2005-Q2",6.033333,
"SVN","HUR","TOT","PC_LF","Q","2005-Q3",6.566667,
"SVN","HUR","TOT","PC_LF","Q","2005-Q4",7.1,
"SVN","HUR","TOT","PC_LF","Q","2006-Q1",6.533333,
"SVN","HUR","TOT","PC_LF","Q","2006-Q2",6.166667,
"SVN","HUR","TOT","PC_LF","Q","2006-Q3",5.733333,
"SVN","HUR","TOT","PC_LF","Q","2006-Q4",5.466667,
"SVN","HUR","TOT","PC_LF","Q","2007-Q1",5.266667,
"SVN","HUR","TOT","PC_LF","Q","2007-Q2",4.833333,
"SVN","HUR","TOT","PC_LF","Q","2007-Q3",4.6,
"SVN","HUR","TOT","PC_LF","Q","2007-Q4",4.666667,
"SVN","HUR","TOT","PC_LF","Q","2008-Q1",4.7,
"SVN","HUR","TOT","PC_LF","Q","2008-Q2",4.366667,
"SVN","HUR","TOT","PC_LF","Q","2008-Q3",4.266667,
"SVN","HUR","TOT","PC_LF","Q","2008-Q4",4.266667,
"SVN","HUR","TOT","PC_LF","Q","2009-Q1",4.9,
"SVN","HUR","TOT","PC_LF","Q","2009-Q2",5.8,
"SVN","HUR","TOT","PC_LF","Q","2009-Q3",6.466667,
"SVN","HUR","TOT","PC_LF","Q","2009-Q4",6.433333,
"SVN","HUR","TOT","PC_LF","Q","2010-Q1",6.733333,
"SVN","HUR","TOT","PC_LF","Q","2010-Q2",7.333333,
"SVN","HUR","TOT","PC_LF","Q","2010-Q3",7.366667,
"SVN","HUR","TOT","PC_LF","Q","2010-Q4",7.833333,
"SVN","HUR","TOT","PC_LF","Q","2011-Q1",8.066667,
"SVN","HUR","TOT","PC_LF","Q","2011-Q2",7.966667,
"SVN","HUR","TOT","PC_LF","Q","2011-Q3",8.2,
"SVN","HUR","TOT","PC_LF","Q","2011-Q4",8.733334,
"SVN","HUR","TOT","PC_LF","Q","2012-Q1",8.1,
"SVN","HUR","TOT","PC_LF","Q","2012-Q2",8.5,
"SVN","HUR","TOT","PC_LF","Q","2012-Q3",9.566667,
"SVN","HUR","TOT","PC_LF","Q","2012-Q4",9.6,
"SVN","HUR","TOT","PC_LF","Q","2013-Q1",10.53333,
"SVN","HUR","TOT","PC_LF","Q","2013-Q2",10.6,
"SVN","HUR","TOT","PC_LF","Q","2013-Q3",9.833333,
"SVN","HUR","TOT","PC_LF","Q","2013-Q4",9.733334,
"SVN","HUR","TOT","PC_LF","Q","2014-Q1",10.2,
"SVN","HUR","TOT","PC_LF","Q","2014-Q2",9.6,
"SVN","HUR","TOT","PC_LF","Q","2014-Q3",9.666667,
"SVN","HUR","TOT","PC_LF","Q","2014-Q4",9.666667,
"SVN","HUR","TOT","PC_LF","Q","2015-Q1",9.266666,
"SVN","HUR","TOT","PC_LF","Q","2015-Q2",9.466666,
"SVN","HUR","TOT","PC_LF","Q","2015-Q3",8.9,
"SVN","HUR","TOT","PC_LF","Q","2015-Q4",8.533334,
"SVN","HUR","TOT","PC_LF","Q","2016-Q1",8.333333,
"SVN","HUR","TOT","PC_LF","Q","2016-Q2",8.066667,
"SVN","HUR","TOT","PC_LF","Q","2016-Q3",7.6,
"SVN","HUR","TOT","PC_LF","Q","2016-Q4",8.133333,
"SVN","HUR","TOT","PC_LF","Q","2017-Q1",7.333333,
"SVN","HUR","TOT","PC_LF","Q","2017-Q2",6.633333,
"SVN","HUR","TOT","PC_LF","Q","2017-Q3",6.466667,
"SVN","HUR","TOT","PC_LF","Q","2017-Q4",5.9,
"SVN","HUR","TOT","PC_LF","Q","2018-Q1",5.566667,
"SVN","HUR","TOT","PC_LF","Q","2018-Q2",5.366667,
"SVN","HUR","TOT","PC_LF","Q","2018-Q3",5.133333,
"SVN","HUR","TOT","PC_LF","Q","2018-Q4",4.466667,
"SVN","HUR","TOT","PC_LF","Q","2019-Q1",4.533333,
"SVN","HUR","TOT","PC_LF","Q","2019-Q2",4.366667,
"SVN","HUR","TOT","PC_LF","Q","2019-Q3",4.833333,
"SVN","HUR","TOT","PC_LF","Q","2019-Q4",4.1,
"SVN","HUR","TOT","PC_LF","Q","2020-Q1",4.266667,
"SVN","HUR","TOT","PC_LF","Q","2020-Q2",5.4,
"SVN","HUR","TOT","PC_LF","Q","2020-Q3",5.166667,
"SVN","HUR","TOT","PC_LF","Q","2020-Q4",5.2,
"SVN","HUR","TOT","PC_LF","Q","2021-Q1",5.266667,
"SVN","HUR","TOT","PC_LF","Q","2021-Q2",4.6,
"SVN","HUR","TOT","PC_LF","Q","2021-Q3",4.5,
"SVN","HUR","TOT","PC_LF","Q","2021-Q4",4.566667,
"OECD","HUR","TOT","PC_LF","Q","2001-Q1",6.467718,"E"
"OECD","HUR","TOT","PC_LF","Q","2001-Q2",6.530343,"E"
"OECD","HUR","TOT","PC_LF","Q","2001-Q3",6.731309,"E"
"OECD","HUR","TOT","PC_LF","Q","2001-Q4",7.046362,"E"
"OECD","HUR","TOT","PC_LF","Q","2002-Q1",7.141005,"E"
"OECD","HUR","TOT","PC_LF","Q","2002-Q2",7.205572,"E"
"OECD","HUR","TOT","PC_LF","Q","2002-Q3",7.243132,"E"
"OECD","HUR","TOT","PC_LF","Q","2002-Q4",7.282244,"E"
"OECD","HUR","TOT","PC_LF","Q","2003-Q1",7.297844,"E"
"OECD","HUR","TOT","PC_LF","Q","2003-Q2",7.402281,"E"
"OECD","HUR","TOT","PC_LF","Q","2003-Q3",7.360993,"E"
"OECD","HUR","TOT","PC_LF","Q","2003-Q4",7.255997,"E"
"OECD","HUR","TOT","PC_LF","Q","2004-Q1",7.293598,"E"
"OECD","HUR","TOT","PC_LF","Q","2004-Q2",7.209659,"E"
"OECD","HUR","TOT","PC_LF","Q","2004-Q3",7.155131,"E"
"OECD","HUR","TOT","PC_LF","Q","2004-Q4",7.085172,"E"
"OECD","HUR","TOT","PC_LF","Q","2005-Q1",6.928073,"E"
"OECD","HUR","TOT","PC_LF","Q","2005-Q2",6.900243,"E"
"OECD","HUR","TOT","PC_LF","Q","2005-Q3",6.777812,"E"
"OECD","HUR","TOT","PC_LF","Q","2005-Q4",6.724065,"E"
"OECD","HUR","TOT","PC_LF","Q","2006-Q1",6.533408,"E"
"OECD","HUR","TOT","PC_LF","Q","2006-Q2",6.364959,"E"
"OECD","HUR","TOT","PC_LF","Q","2006-Q3",6.280542,"E"
"OECD","HUR","TOT","PC_LF","Q","2006-Q4",6.105501,"E"
"OECD","HUR","TOT","PC_LF","Q","2007-Q1",5.996964,"E"
"OECD","HUR","TOT","PC_LF","Q","2007-Q2",5.800942,"E"
"OECD","HUR","TOT","PC_LF","Q","2007-Q3",5.811263,"E"
"OECD","HUR","TOT","PC_LF","Q","2007-Q4",5.824204,"E"
"OECD","HUR","TOT","PC_LF","Q","2008-Q1",5.825212,"E"
"OECD","HUR","TOT","PC_LF","Q","2008-Q2",5.933224,"E"
"OECD","HUR","TOT","PC_LF","Q","2008-Q3",6.236033,"E"
"OECD","HUR","TOT","PC_LF","Q","2008-Q4",6.770603,"E"
"OECD","HUR","TOT","PC_LF","Q","2009-Q1",7.719422,"E"
"OECD","HUR","TOT","PC_LF","Q","2009-Q2",8.366059,"E"
"OECD","HUR","TOT","PC_LF","Q","2009-Q3",8.610025,"E"
"OECD","HUR","TOT","PC_LF","Q","2009-Q4",8.670972,"E"
"OECD","HUR","TOT","PC_LF","Q","2010-Q1",8.692973,"E"
"OECD","HUR","TOT","PC_LF","Q","2010-Q2",8.591171,"E"
"OECD","HUR","TOT","PC_LF","Q","2010-Q3",8.441517,"E"
"OECD","HUR","TOT","PC_LF","Q","2010-Q4",8.443433,"E"
"OECD","HUR","TOT","PC_LF","Q","2011-Q1",8.174853,"E"
"OECD","HUR","TOT","PC_LF","Q","2011-Q2",8.141413,"E"
"OECD","HUR","TOT","PC_LF","Q","2011-Q3",8.136973,"E"
"OECD","HUR","TOT","PC_LF","Q","2011-Q4",8.121049,"E"
"OECD","HUR","TOT","PC_LF","Q","2012-Q1",8.101288,"E"
"OECD","HUR","TOT","PC_LF","Q","2012-Q2",8.117553,"E"
"OECD","HUR","TOT","PC_LF","Q","2012-Q3",8.091197,"E"
"OECD","HUR","TOT","PC_LF","Q","2012-Q4",8.168635,"E"
"OECD","HUR","TOT","PC_LF","Q","2013-Q1",8.225675,"E"
"OECD","HUR","TOT","PC_LF","Q","2013-Q2",8.106793,"E"
"OECD","HUR","TOT","PC_LF","Q","2013-Q3",7.969302,"E"
"OECD","HUR","TOT","PC_LF","Q","2013-Q4",7.807239,"E"
"OECD","HUR","TOT","PC_LF","Q","2014-Q1",7.706499,"E"
"OECD","HUR","TOT","PC_LF","Q","2014-Q2",7.490361,"E"
"OECD","HUR","TOT","PC_LF","Q","2014-Q3",7.398962,"E"
"OECD","HUR","TOT","PC_LF","Q","2014-Q4",7.252785,"E"
"OECD","HUR","TOT","PC_LF","Q","2015-Q1",7.107955,"E"
"OECD","HUR","TOT","PC_LF","Q","2015-Q2",7.002135,"E"
"OECD","HUR","TOT","PC_LF","Q","2015-Q3",6.79356,"E"
"OECD","HUR","TOT","PC_LF","Q","2015-Q4",6.703197,"E"
"OECD","HUR","TOT","PC_LF","Q","2016-Q1",6.609435,"E"
"OECD","HUR","TOT","PC_LF","Q","2016-Q2",6.500971,"E"
"OECD","HUR","TOT","PC_LF","Q","2016-Q3",6.445788,"E"
"OECD","HUR","TOT","PC_LF","Q","2016-Q4",6.356824,"E"
"OECD","HUR","TOT","PC_LF","Q","2017-Q1",6.209672,"E"
"OECD","HUR","TOT","PC_LF","Q","2017-Q2",5.985579,"E"
"OECD","HUR","TOT","PC_LF","Q","2017-Q3",5.851237,"E"
"OECD","HUR","TOT","PC_LF","Q","2017-Q4",5.744996,"E"
"OECD","HUR","TOT","PC_LF","Q","2018-Q1",5.580994,"E"
"OECD","HUR","TOT","PC_LF","Q","2018-Q2",5.481566,"E"
"OECD","HUR","TOT","PC_LF","Q","2018-Q3",5.437064,"E"
"OECD","HUR","TOT","PC_LF","Q","2018-Q4",5.514279,"E"
"OECD","HUR","TOT","PC_LF","Q","2019-Q1",5.551992,"E"
"OECD","HUR","TOT","PC_LF","Q","2019-Q2",5.397499,"E"
"OECD","HUR","TOT","PC_LF","Q","2019-Q3",5.385178,"E"
"OECD","HUR","TOT","PC_LF","Q","2019-Q4",5.352491,"E"
"OECD","HUR","TOT","PC_LF","Q","2020-Q1",5.433552,"E"
"OECD","HUR","TOT","PC_LF","Q","2020-Q2",8.557553,"E"
"OECD","HUR","TOT","PC_LF","Q","2020-Q3",7.706079,"E"
"OECD","HUR","TOT","PC_LF","Q","2020-Q4",6.990134,"E"
"OECD","HUR","TOT","PC_LF","Q","2021-Q1",6.737671,"E"
"OECD","HUR","TOT","PC_LF","Q","2021-Q2",6.461598,"E"
"OECD","HUR","TOT","PC_LF","Q","2021-Q3",5.912374,"E"
"OECD","HUR","TOT","PC_LF","Q","2021-Q4",5.488205,"E"
"LVA","HUR","TOT","PC_LF","Q","2000-Q1",14.33333,
"LVA","HUR","TOT","PC_LF","Q","2000-Q2",14.36667,
"LVA","HUR","TOT","PC_LF","Q","2000-Q3",14.36667,
"LVA","HUR","TOT","PC_LF","Q","2000-Q4",14.43333,
"LVA","HUR","TOT","PC_LF","Q","2001-Q1",13.8,
"LVA","HUR","TOT","PC_LF","Q","2001-Q2",13.1,
"LVA","HUR","TOT","PC_LF","Q","2001-Q3",13.13333,
"LVA","HUR","TOT","PC_LF","Q","2001-Q4",13.93333,
"LVA","HUR","TOT","PC_LF","Q","2002-Q1",12.6,
"LVA","HUR","TOT","PC_LF","Q","2002-Q2",13.46667,
"LVA","HUR","TOT","PC_LF","Q","2002-Q3",11.46667,
"LVA","HUR","TOT","PC_LF","Q","2002-Q4",12.33333,
"LVA","HUR","TOT","PC_LF","Q","2003-Q1",11.36667,
"LVA","HUR","TOT","PC_LF","Q","2003-Q2",11.7,
"LVA","HUR","TOT","PC_LF","Q","2003-Q3",12.33333,
"LVA","HUR","TOT","PC_LF","Q","2003-Q4",11.13333,
"LVA","HUR","TOT","PC_LF","Q","2004-Q1",11.8,
"LVA","HUR","TOT","PC_LF","Q","2004-Q2",11.33333,
"LVA","HUR","TOT","PC_LF","Q","2004-Q3",11.73333,
"LVA","HUR","TOT","PC_LF","Q","2004-Q4",12.03333,
"LVA","HUR","TOT","PC_LF","Q","2005-Q1",11.1,
"LVA","HUR","TOT","PC_LF","Q","2005-Q2",10.06667,
"LVA","HUR","TOT","PC_LF","Q","2005-Q3",9.933333,
"LVA","HUR","TOT","PC_LF","Q","2005-Q4",8.866667,
"LVA","HUR","TOT","PC_LF","Q","2006-Q1",8.233334,
"LVA","HUR","TOT","PC_LF","Q","2006-Q2",6.866667,
"LVA","HUR","TOT","PC_LF","Q","2006-Q3",6.333333,
"LVA","HUR","TOT","PC_LF","Q","2006-Q4",6.533333,
"LVA","HUR","TOT","PC_LF","Q","2007-Q1",6.833333,
"LVA","HUR","TOT","PC_LF","Q","2007-Q2",6.1,
"LVA","HUR","TOT","PC_LF","Q","2007-Q3",5.866667,
"LVA","HUR","TOT","PC_LF","Q","2007-Q4",5.4,
"LVA","HUR","TOT","PC_LF","Q","2008-Q1",6.466667,
"LVA","HUR","TOT","PC_LF","Q","2008-Q2",6.4,
"LVA","HUR","TOT","PC_LF","Q","2008-Q3",7.7,
"LVA","HUR","TOT","PC_LF","Q","2008-Q4",10.6,
"LVA","HUR","TOT","PC_LF","Q","2009-Q1",13.73333,
"LVA","HUR","TOT","PC_LF","Q","2009-Q2",16.96667,
"LVA","HUR","TOT","PC_LF","Q","2009-Q3",19.4,
"LVA","HUR","TOT","PC_LF","Q","2009-Q4",20.46667,
"LVA","HUR","TOT","PC_LF","Q","2010-Q1",20.56667,
"LVA","HUR","TOT","PC_LF","Q","2010-Q2",20.06667,
"LVA","HUR","TOT","PC_LF","Q","2010-Q3",19.06667,
"LVA","HUR","TOT","PC_LF","Q","2010-Q4",18.16667,
"LVA","HUR","TOT","PC_LF","Q","2011-Q1",17,
"LVA","HUR","TOT","PC_LF","Q","2011-Q2",16.86667,
"LVA","HUR","TOT","PC_LF","Q","2011-Q3",15.5,
"LVA","HUR","TOT","PC_LF","Q","2011-Q4",15.43333,
"LVA","HUR","TOT","PC_LF","Q","2012-Q1",15.76667,
"LVA","HUR","TOT","PC_LF","Q","2012-Q2",16.06667,
"LVA","HUR","TOT","PC_LF","Q","2012-Q3",14,
"LVA","HUR","TOT","PC_LF","Q","2012-Q4",14.26667,
"LVA","HUR","TOT","PC_LF","Q","2013-Q1",12.56667,
"LVA","HUR","TOT","PC_LF","Q","2013-Q2",11.36667,
"LVA","HUR","TOT","PC_LF","Q","2013-Q3",12,
"LVA","HUR","TOT","PC_LF","Q","2013-Q4",11.53333,
"LVA","HUR","TOT","PC_LF","Q","2014-Q1",11.43333,
"LVA","HUR","TOT","PC_LF","Q","2014-Q2",10.56667,
"LVA","HUR","TOT","PC_LF","Q","2014-Q3",10.83333,
"LVA","HUR","TOT","PC_LF","Q","2014-Q4",10.46667,
"LVA","HUR","TOT","PC_LF","Q","2015-Q1",9.8,
"LVA","HUR","TOT","PC_LF","Q","2015-Q2",9.7,
"LVA","HUR","TOT","PC_LF","Q","2015-Q3",9.966666,
"LVA","HUR","TOT","PC_LF","Q","2015-Q4",10.06667,
"LVA","HUR","TOT","PC_LF","Q","2016-Q1",9.8,
"LVA","HUR","TOT","PC_LF","Q","2016-Q2",9.433333,
"LVA","HUR","TOT","PC_LF","Q","2016-Q3",9.766666,
"LVA","HUR","TOT","PC_LF","Q","2016-Q4",9.5,
"LVA","HUR","TOT","PC_LF","Q","2017-Q1",8.966666,
"LVA","HUR","TOT","PC_LF","Q","2017-Q2",8.8,
"LVA","HUR","TOT","PC_LF","Q","2017-Q3",8.7,
"LVA","HUR","TOT","PC_LF","Q","2017-Q4",8.366667,
"LVA","HUR","TOT","PC_LF","Q","2018-Q1",7.833333,
"LVA","HUR","TOT","PC_LF","Q","2018-Q2",7.6,
"LVA","HUR","TOT","PC_LF","Q","2018-Q3",7.166667,
"LVA","HUR","TOT","PC_LF","Q","2018-Q4",7,
"LVA","HUR","TOT","PC_LF","Q","2019-Q1",6.6,
"LVA","HUR","TOT","PC_LF","Q","2019-Q2",6.3,
"LVA","HUR","TOT","PC_LF","Q","2019-Q3",6.2,
"LVA","HUR","TOT","PC_LF","Q","2019-Q4",6.066667,
"LVA","HUR","TOT","PC_LF","Q","2020-Q1",7.266667,
"LVA","HUR","TOT","PC_LF","Q","2020-Q2",8.466666,
"LVA","HUR","TOT","PC_LF","Q","2020-Q3",8.6,
"LVA","HUR","TOT","PC_LF","Q","2020-Q4",8.033334,
"LVA","HUR","TOT","PC_LF","Q","2021-Q1",7.7,
"LVA","HUR","TOT","PC_LF","Q","2021-Q2",7.766667,
"LVA","HUR","TOT","PC_LF","Q","2021-Q3",7.433333,
"LVA","HUR","TOT","PC_LF","Q","2021-Q4",7.3,
"LTU","HUR","TOT","PC_LF","Q","2000-Q1",15.63333,
"LTU","HUR","TOT","PC_LF","Q","2000-Q2",16.5,
"LTU","HUR","TOT","PC_LF","Q","2000-Q3",16.96667,
"LTU","HUR","TOT","PC_LF","Q","2000-Q4",16.6,
"LTU","HUR","TOT","PC_LF","Q","2001-Q1",17.73333,
"LTU","HUR","TOT","PC_LF","Q","2001-Q2",17.53333,
"LTU","HUR","TOT","PC_LF","Q","2001-Q3",16.8,
"LTU","HUR","TOT","PC_LF","Q","2001-Q4",17.5,
"LTU","HUR","TOT","PC_LF","Q","2002-Q1",15.93333,
"LTU","HUR","TOT","PC_LF","Q","2002-Q2",13.46667,
"LTU","HUR","TOT","PC_LF","Q","2002-Q3",12.9,
"LTU","HUR","TOT","PC_LF","Q","2002-Q4",12.8,
"LTU","HUR","TOT","PC_LF","Q","2003-Q1",12.46667,
"LTU","HUR","TOT","PC_LF","Q","2003-Q2",13,
"LTU","HUR","TOT","PC_LF","Q","2003-Q3",12.43333,
"LTU","HUR","TOT","PC_LF","Q","2003-Q4",11.86667,
"LTU","HUR","TOT","PC_LF","Q","2004-Q1",11.4,
"LTU","HUR","TOT","PC_LF","Q","2004-Q2",10.9,
"LTU","HUR","TOT","PC_LF","Q","2004-Q3",10.76667,
"LTU","HUR","TOT","PC_LF","Q","2004-Q4",10.5,
"LTU","HUR","TOT","PC_LF","Q","2005-Q1",9.533334,
"LTU","HUR","TOT","PC_LF","Q","2005-Q2",8.966666,
"LTU","HUR","TOT","PC_LF","Q","2005-Q3",7.733333,
"LTU","HUR","TOT","PC_LF","Q","2005-Q4",7.033333,
"LTU","HUR","TOT","PC_LF","Q","2006-Q1",6.433333,
"LTU","HUR","TOT","PC_LF","Q","2006-Q2",5.833333,
"LTU","HUR","TOT","PC_LF","Q","2006-Q3",5.766667,
"LTU","HUR","TOT","PC_LF","Q","2006-Q4",5.1,
"LTU","HUR","TOT","PC_LF","Q","2007-Q1",4.366667,
"LTU","HUR","TOT","PC_LF","Q","2007-Q2",4.333333,
"LTU","HUR","TOT","PC_LF","Q","2007-Q3",4.233333,
"LTU","HUR","TOT","PC_LF","Q","2007-Q4",4.066667,
"LTU","HUR","TOT","PC_LF","Q","2008-Q1",4.166667,
"LTU","HUR","TOT","PC_LF","Q","2008-Q2",4.4,
"LTU","HUR","TOT","PC_LF","Q","2008-Q3",6.366667,
"LTU","HUR","TOT","PC_LF","Q","2008-Q4",8.333333,
"LTU","HUR","TOT","PC_LF","Q","2009-Q1",10.7,
"LTU","HUR","TOT","PC_LF","Q","2009-Q2",13.33333,
"LTU","HUR","TOT","PC_LF","Q","2009-Q3",14.9,
"LTU","HUR","TOT","PC_LF","Q","2009-Q4",16.26667,
"LTU","HUR","TOT","PC_LF","Q","2010-Q1",17.33333,
"LTU","HUR","TOT","PC_LF","Q","2010-Q2",18.2,
"LTU","HUR","TOT","PC_LF","Q","2010-Q3",18.16667,
"LTU","HUR","TOT","PC_LF","Q","2010-Q4",17.63333,
"LTU","HUR","TOT","PC_LF","Q","2011-Q1",16.83333,
"LTU","HUR","TOT","PC_LF","Q","2011-Q2",15.8,
"LTU","HUR","TOT","PC_LF","Q","2011-Q3",15.3,
"LTU","HUR","TOT","PC_LF","Q","2011-Q4",13.66667,
"LTU","HUR","TOT","PC_LF","Q","2012-Q1",14,
"LTU","HUR","TOT","PC_LF","Q","2012-Q2",13.5,
"LTU","HUR","TOT","PC_LF","Q","2012-Q3",13.1,
"LTU","HUR","TOT","PC_LF","Q","2012-Q4",13,
"LTU","HUR","TOT","PC_LF","Q","2013-Q1",12.06667,
"LTU","HUR","TOT","PC_LF","Q","2013-Q2",11.73333,
"LTU","HUR","TOT","PC_LF","Q","2013-Q3",11.73333,
"LTU","HUR","TOT","PC_LF","Q","2013-Q4",11.66667,
"LTU","HUR","TOT","PC_LF","Q","2014-Q1",11.3,
"LTU","HUR","TOT","PC_LF","Q","2014-Q2",11.06667,
"LTU","HUR","TOT","PC_LF","Q","2014-Q3",10.23333,
"LTU","HUR","TOT","PC_LF","Q","2014-Q4",10.33333,
"LTU","HUR","TOT","PC_LF","Q","2015-Q1",9.3,
"LTU","HUR","TOT","PC_LF","Q","2015-Q2",9.266666,
"LTU","HUR","TOT","PC_LF","Q","2015-Q3",9.166667,
"LTU","HUR","TOT","PC_LF","Q","2015-Q4",8.833333,
"LTU","HUR","TOT","PC_LF","Q","2016-Q1",8.066667,
"LTU","HUR","TOT","PC_LF","Q","2016-Q2",8.1,
"LTU","HUR","TOT","PC_LF","Q","2016-Q3",7.9,
"LTU","HUR","TOT","PC_LF","Q","2016-Q4",7.6,
"LTU","HUR","TOT","PC_LF","Q","2017-Q1",7.733333,
"LTU","HUR","TOT","PC_LF","Q","2017-Q2",7.2,
"LTU","HUR","TOT","PC_LF","Q","2017-Q3",6.7,
"LTU","HUR","TOT","PC_LF","Q","2017-Q4",6.8,
"LTU","HUR","TOT","PC_LF","Q","2018-Q1",6.733333,
"LTU","HUR","TOT","PC_LF","Q","2018-Q2",6.066667,
"LTU","HUR","TOT","PC_LF","Q","2018-Q3",5.966667,
"LTU","HUR","TOT","PC_LF","Q","2018-Q4",6,
"LTU","HUR","TOT","PC_LF","Q","2019-Q1",6.166667,
"LTU","HUR","TOT","PC_LF","Q","2019-Q2",6,
"LTU","HUR","TOT","PC_LF","Q","2019-Q3",6.333333,
"LTU","HUR","TOT","PC_LF","Q","2019-Q4",6.6,
"LTU","HUR","TOT","PC_LF","Q","2020-Q1",7.4,
"LTU","HUR","TOT","PC_LF","Q","2020-Q2",8.6,
"LTU","HUR","TOT","PC_LF","Q","2020-Q3",9.266666,
"LTU","HUR","TOT","PC_LF","Q","2020-Q4",8.866667,
"LTU","HUR","TOT","PC_LF","Q","2021-Q1",7.6,
"LTU","HUR","TOT","PC_LF","Q","2021-Q2",7.5,
"LTU","HUR","TOT","PC_LF","Q","2021-Q3",6.733333,
"LTU","HUR","TOT","PC_LF","Q","2021-Q4",6.7,
